#
# There is insufficient memory for the Java Runtime Environment to continue.
# Native memory allocation (mmap) failed to map 65536 bytes. Error detail: Failed to commit metaspace.
# Possible reasons:
#   The system is out of physical RAM or swap space
#   This process is running with CompressedOops enabled, and the Java Heap may be blocking the growth of the native heap
# Possible solutions:
#   Reduce memory load on the system
#   Increase physical memory or swap space
#   Check if swap backing store is full
#   Decrease Java heap size (-Xmx/-Xms)
#   Decrease number of Java threads
#   Decrease Java thread stack sizes (-Xss)
#   Set larger code cache with -XX:ReservedCodeCacheSize=
#   JVM is running with Unscaled Compressed Oops mode in which the Java heap is
#     placed in the first 4GB address space. The Java Heap base address is the
#     maximum limit for the native heap growth. Please use -XX:HeapBaseMinAddress
#     to set the Java Heap base and to place the Java Heap above 4GB virtual address.
# This output file may be truncated or incomplete.
#
#  Out of Memory Error (virtualSpaceNode.cpp:113), pid=10296, tid=9212
#
# JRE version: Java(TM) SE Runtime Environment (26.0+35) (build 26+35-2893)
# Java VM: Java HotSpot(TM) 64-Bit Server VM (26+35-2893, mixed mode, emulated-client, sharing, tiered, compressed oops, compressed class ptrs, g1 gc, windows-amd64)
# No core dump will be written. Minidumps are not enabled by default on client versions of Windows
#

---------------  S U M M A R Y ------------

Command Line: -XX:TieredStopAtLevel=1 com.opportunity.school.OpportunitySchoolApplication

Host: Intel(R) Core(TM) i5-8365U CPU @ 1.60GHz, 8 cores, 7G,  Windows 11 , 64 bit Build 26100 (10.0.26100.9444)
Time: Mon Oct  5 15:16:27 2026 E. Africa Standard Time elapsed time: 8.528206 seconds (0d 0h 0m 8s)

---------------  T H R E A D  ---------------

Current thread (0x000001d04036f5b0):  JavaThread "main"             [_thread_in_vm, id=9212, stack(0x000000a8a8a00000,0x000000a8a8b00000) (1024K)]

Stack: [0x000000a8a8a00000,0x000000a8a8b00000]
Native frames: (J=compiled Java code, j=interpreted, Vv=VM code, C=native code)
V  [jvm.dll+0x7d5719]  (no source info available)
V  [jvm.dll+0x7a367d]  (no source info available)
V  [jvm.dll+0x9b0aa0]  (no source info available)
V  [jvm.dll+0x9b2ef1]  (no source info available)
V  [jvm.dll+0x9b3603]  (no source info available)
V  [jvm.dll+0x30de86]  (no source info available)
V  [jvm.dll+0x9ad85e]  (no source info available)
V  [jvm.dll+0x773b74]  (no source info available)
V  [jvm.dll+0x268e48]  (no source info available)
V  [jvm.dll+0x268c0e]  (no source info available)
V  [jvm.dll+0x776582]  (no source info available)
V  [jvm.dll+0x776255]  (no source info available)
V  [jvm.dll+0x2ab992]  (no source info available)
V  [jvm.dll+0x77459e]  (no source info available)
V  [jvm.dll+0x2f20f0]  (no source info available)
V  [jvm.dll+0x77b685]  (no source info available)
V  [jvm.dll+0x29a3d2]  (no source info available)
V  [jvm.dll+0x29a8f5]  (no source info available)
V  [jvm.dll+0x29b31d]  (no source info available)
V  [jvm.dll+0x290c40]  (no source info available)
V  [jvm.dll+0x69ecb4]  (no source info available)
V  [jvm.dll+0x91e064]  (no source info available)
V  [jvm.dll+0x91e154]  (no source info available)
V  [jvm.dll+0x531cee]  (no source info available)
V  [jvm.dll+0x537c88]  (no source info available)
C  [java.dll+0x17d6]  (no source info available)
C  0x000001d04b65eafa  (no source info available)

The last pc belongs to native nmethod (printed below).
Java frames: (J=compiled Java code, j=interpreted, Vv=VM code)
J 472  java.lang.ClassLoader.defineClass1(Ljava/lang/ClassLoader;Ljava/lang/String;[BIILjava/security/ProtectionDomain;Ljava/lang/String;)Ljava/lang/Class; java.base@26 (0 bytes) @ 0x000001d04b65eac1 [0x000001d04b65ea00+0x00000000000000c1]
J 935 c1 java.lang.ClassLoader.defineClass(Ljava/lang/String;[BIILjava/security/ProtectionDomain;)Ljava/lang/Class; java.base@26 (43 bytes) @ 0x000001d04b6e469c [0x000001d04b6e4580+0x000000000000011c]
J 687 c1 jdk.internal.loader.BuiltinClassLoader.defineClass(Ljava/lang/String;Ljdk/internal/loader/Resource;)Ljava/lang/Class; java.base@26 (121 bytes) @ 0x000001d04b6a791c [0x000001d04b6a7680+0x000000000000029c]
J 686 c1 jdk.internal.loader.BuiltinClassLoader.findClassOnClassPathOrNull(Ljava/lang/String;)Ljava/lang/Class; java.base@26 (38 bytes) @ 0x000001d04b6a7274 [0x000001d04b6a7000+0x0000000000000274]
J 371 c1 jdk.internal.loader.BuiltinClassLoader.loadClassOrNull(Ljava/lang/String;Z)Ljava/lang/Class; java.base@26 (143 bytes) @ 0x000001d04b63f39c [0x000001d04b63ef80+0x000000000000041c]
J 565 c1 jdk.internal.loader.BuiltinClassLoader.loadClass(Ljava/lang/String;Z)Ljava/lang/Class; java.base@26 (22 bytes) @ 0x000001d04b67abdc [0x000001d04b67ab80+0x000000000000005c]
J 564 c1 java.lang.ClassLoader.loadClass(Ljava/lang/String;)Ljava/lang/Class; java.base@26 (7 bytes) @ 0x000001d04b67a8d4 [0x000001d04b67a880+0x0000000000000054]
v  ~StubRoutines::Stub Generator call_stub_stub 0x000001d04b4d18e2
j  org.hibernate.dialect.MySQLDialect.contributeTypes(Lorg/hibernate/boot/model/TypeContributions;Lorg/hibernate/service/ServiceRegistry;)V+27
j  org.hibernate.dialect.Dialect.contribute(Lorg/hibernate/boot/model/TypeContributions;Lorg/hibernate/service/ServiceRegistry;)V+3
j  org.hibernate.boot.model.process.spi.MetadataBuildingProcess.handleTypes(Lorg/hibernate/boot/spi/BootstrapContext;Lorg/hibernate/boot/spi/MetadataBuildingOptions;Lorg/hibernate/boot/spi/InFlightMetadataCollector;)V+183
j  org.hibernate.boot.model.process.spi.MetadataBuildingProcess.complete(Lorg/hibernate/boot/model/process/spi/ManagedResources;Lorg/hibernate/boot/spi/BootstrapContext;Lorg/hibernate/boot/spi/MetadataBuildingOptions;)Lorg/hibernate/boot/spi/MetadataImplementor;+13
j  org.hibernate.jpa.boot.internal.EntityManagerFactoryBuilderImpl.metadata()Lorg/hibernate/boot/spi/MetadataImplementor;+30
j  org.hibernate.jpa.boot.internal.EntityManagerFactoryBuilderImpl.build()Ljakarta/persistence/EntityManagerFactory;+3
j  org.springframework.orm.jpa.vendor.SpringHibernateJpaPersistenceProvider.createContainerEntityManagerFactory(Ljakarta/persistence/spi/PersistenceUnitInfo;Ljava/util/Map;)Ljakarta/persistence/EntityManagerFactory;+59
j  org.springframework.orm.jpa.LocalContainerEntityManagerFactoryBean.createNativeEntityManagerFactory()Ljakarta/persistence/EntityManagerFactory;+111
j  org.springframework.orm.jpa.AbstractEntityManagerFactoryBean.buildNativeEntityManagerFactory()Ljakarta/persistence/EntityManagerFactory;+1
j  org.springframework.orm.jpa.AbstractEntityManagerFactoryBean.afterPropertiesSet()V+192
j  org.springframework.orm.jpa.LocalContainerEntityManagerFactoryBean.afterPropertiesSet()V+81
j  org.springframework.beans.factory.support.AbstractAutowireCapableBeanFactory.invokeInitMethods(Ljava/lang/String;Ljava/lang/Object;Lorg/springframework/beans/factory/support/RootBeanDefinition;)V+56
j  org.springframework.beans.factory.support.AbstractAutowireCapableBeanFactory.initializeBean(Ljava/lang/String;Ljava/lang/Object;Lorg/springframework/beans/factory/support/RootBeanDefinition;)Ljava/lang/Object;+34
j  org.springframework.beans.factory.support.AbstractAutowireCapableBeanFactory.doCreateBean(Ljava/lang/String;Lorg/springframework/beans/factory/support/RootBeanDefinition;[Ljava/lang/Object;)Ljava/lang/Object;+228
j  org.springframework.beans.factory.support.AbstractAutowireCapableBeanFactory.createBean(Ljava/lang/String;Lorg/springframework/beans/factory/support/RootBeanDefinition;[Ljava/lang/Object;)Ljava/lang/Object;+153
j  org.springframework.beans.factory.support.AbstractBeanFactory.lambda$doGetBean$0(Ljava/lang/String;Lorg/springframework/beans/factory/support/RootBeanDefinition;[Ljava/lang/Object;)Ljava/lang/Object;+4
j  org.springframework.beans.factory.support.AbstractBeanFactory$$Lambda+0x00000000361bc1b0.getObject()Ljava/lang/Object;+16
j  org.springframework.beans.factory.support.DefaultSingletonBeanRegistry.getSingleton(Ljava/lang/String;Lorg/springframework/beans/factory/ObjectFactory;)Ljava/lang/Object;+897
J 2945 c1 org.springframework.beans.factory.support.AbstractBeanFactory.doGetBean(Ljava/lang/String;Ljava/lang/Class;[Ljava/lang/Object;Z)Ljava/lang/Object; (787 bytes) @ 0x000001d04b91896c [0x000001d04b918280+0x00000000000006ec]
J 2949 c1 org.springframework.beans.factory.support.AbstractBeanFactory.getBean(Ljava/lang/String;Ljava/lang/Class;)Ljava/lang/Object; (9 bytes) @ 0x000001d04b91ced4 [0x000001d04b91ce80+0x0000000000000054]
j  org.springframework.context.support.AbstractApplicationContext.finishBeanFactoryInitialization(Lorg/springframework/beans/factory/config/ConfigurableListableBeanFactory;)V+226
j  org.springframework.context.support.AbstractApplicationContext.refresh()V+94
j  org.springframework.boot.web.servlet.context.ServletWebServerApplicationContext.refresh()V+1
j  org.springframework.boot.SpringApplication.refresh(Lorg/springframework/context/ConfigurableApplicationContext;)V+1
j  org.springframework.boot.SpringApplication.refreshContext(Lorg/springframework/context/ConfigurableApplicationContext;)V+19
j  org.springframework.boot.SpringApplication.run([Ljava/lang/String;)Lorg/springframework/context/ConfigurableApplicationContext;+113
j  org.springframework.boot.SpringApplication.run([Ljava/lang/Class;[Ljava/lang/String;)Lorg/springframework/context/ConfigurableApplicationContext;+9
j  org.springframework.boot.SpringApplication.run(Ljava/lang/Class;[Ljava/lang/String;)Lorg/springframework/context/ConfigurableApplicationContext;+9
j  com.opportunity.school.OpportunitySchoolApplication.main([Ljava/lang/String;)V+3
v  ~StubRoutines::Stub Generator call_stub_stub 0x000001d04b4d18e2
Lock stack of current Java thread (top to bottom):
LockStack[0]: java.lang.Object 
{0x00000000871929c0} - klass: 'java/lang/Object' - flags: 

 - ---- fields (total size 2 words):


Compiled method (n/a) 8671  472     n 0       java.lang.ClassLoader::defineClass1 (native)
 total in heap  [0x000001d04b65e908,0x000001d04b65ed28] = 1056
 main code      [0x000001d04b65ea00,0x000001d04b65ed23] = 803
 stub code      [0x000001d04b65ed23,0x000001d04b65ed28] = 5
 mutable data [0x000001d058393810,0x000001d058393830] = 32
 relocation     [0x000001d058393810,0x000001d058393830] = 32

[Constant Pool (empty)]


Loading hsdis library failed, undisassembled code is shown in MachCode section
[MachCode]
[Entry Point]
  # {method} {0x00000000354ace98} 'defineClass1' '(Ljava/lang/ClassLoader;Ljava/lang/String;[BIILjava/security/ProtectionDomain;Ljava/lang/String;)Ljava/lang/Class;' in 'java/lang/ClassLoader'
  # parm0:    rdx:rdx   = 'java/lang/ClassLoader'
  # parm1:    r8:r8     = 'java/lang/String'
  # parm2:    r9:r9     = '[B'
  # parm3:    rdi       = int
  # parm4:    rsi       = int
  # parm5:    rcx:rcx   = 'java/security/ProtectionDomain'
  # parm6:    [sp+0xa0]   = 'java/lang/String'  (sp of caller)
  0x000001d04b65ea00: 6690 448b | 5208 443b 

  0x000001d04b65ea08: ;   {runtime_call Shared Runtime ic_miss_blob}
  0x000001d04b65ea08: 5008 0f85 | d003 ecff 
[Verified Entry Point]
  0x000001d04b65ea10: 8984 2400 | 80ff ff55 | 488b ec48 | 81ec 9000 | 0000 6690 | 4181 7f20 | 0700 0000 

  0x000001d04b65ea2c: ;   {runtime_call Stub::Stub Generator method_entry_barrier_stub}
  0x000001d04b65ea2c: 7405 e84d | 56ea ff48 | 837d 1000 | 488d 4510 | 480f 4445 | 1048 8944 | 2440 4889 | 4c24 7048 
  0x000001d04b65ea4c: 83f9 0048 | 8d44 2470 | 480f 4444 | 2470 4889 | 4424 3848 | 8974 2430 | 4889 7c24 | 284c 894c 
  0x000001d04b65ea6c: 2458 4983 | f900 488d | 4424 5848 | 0f44 4424 | 5848 8944 | 2420 4c89 | 4424 5049 | 83f8 004c 
  0x000001d04b65ea8c: 8d4c 2450 | 4c0f 444c | 2450 4889 | 5424 4848 | 83fa 004c | 8d44 2448 | 4c0f 4444 

  0x000001d04b65eaa8: ;   {oop(a 'java/lang/Class'{0x00000000ffe3ee18} = 'java/lang/ClassLoader')}
  0x000001d04b65eaa8: 2448 49be | 18ee e3ff | 0000 0000 | 4c89 7424 | 784c 8d74 | 2478 498b | d6c5 f877 

  0x000001d04b65eac4: ;   {internal_word}
  0x000001d04b65eac4: 49ba c1ea | 654b d001 | 0000 4d89 | 9718 0400 | 0049 89a7 | 1004 0000 | 498d 8f30 | 0400 0041 
  0x000001d04b65eae4: c787 ac04 | 0000 0400 

  0x000001d04b65eaec: ;   {runtime_call}
  0x000001d04b65eaec: 0000 48b8 | 8c16 b73d | ff7f 0000 | ffd0 c5f8 | 7741 c787 | ac04 0000 | 0500 0000 | f083 4424 
  0x000001d04b65eb0c: c000 493b | 6f28 0f87 | 0e00 0000 | 4183 bfa8 | 0400 0000 | 0f84 2b00 | 0000 c5f8 | 7748 8945 
  0x000001d04b65eb2c: f849 8bcf | 4c8b e448 | 83ec 2048 

  0x000001d04b65eb38: ;   {runtime_call}
  0x000001d04b65eb38: 83e4 f048 | b860 05f9 | a2fe 7f00 | 00ff d049 | 8be4 4d33 | e448 8b45 | f841 c787 | ac04 0000 
  0x000001d04b65eb58: 0800 0000 | 4183 bf30 | 0500 0002 | 0f84 8c01 | 0000 49c7 | 8710 0400 | 0000 0000 | 0049 c787 
  0x000001d04b65eb78: 1804 0000 | 0000 0000 | c5f8 7748 | 85c0 0f84 | 2a01 0000 | a803 0f85 | 0800 0000 | 488b 00e9 
  0x000001d04b65eb98: 1a01 0000 | a801 0f85 | 0900 0000 | 488b 40fe | e909 0100 | 0048 8b40 | ff41 807f | 4800 0f84 
  0x000001d04b65ebb8: fa00 0000 | 4885 c00f | 84f1 0000 | 0049 8b4f | 3848 85c9 | 7414 4883 | e908 4989 | 4f38 4903 
  0x000001d04b65ebd8: 4f40 4889 | 01e9 d400 | 0000 4883 | ec70 4889 | 0424 4889 | 4c24 0848 | 8954 2410 | 4c89 4424 
  0x000001d04b65ebf8: 184c 894c | 2420 4c89 | 5424 284c | 895c 2430 | c5fb 1144 | 2440 c5fb | 114c 2448 | c5fb 1154 
  0x000001d04b65ec18: 2450 c5fb | 115c 2458 | c5fb 1164 | 2460 c5fb | 116c 2468 | 498b d748 | 8bc8 4883 | ec20 40f6 
  0x000001d04b65ec38: ;   {other}
  0x000001d04b65ec38: c40f 0f84 | 1900 0000 | 4883 ec08 

  0x000001d04b65ec44: ;   {runtime_call}
  0x000001d04b65ec44: 48b8 90ac | eba2 fe7f | 0000 ffd0 | 4883 c408 | e90c 0000 

  0x000001d04b65ec58: ;   {runtime_call}
  0x000001d04b65ec58: 0048 b890 | aceb a2fe | 7f00 00ff | d048 83c4 | 20c5 fb10 | 6c24 68c5 | fb10 6424 | 60c5 fb10 
  0x000001d04b65ec78: 5c24 58c5 | fb10 5424 | 50c5 fb10 | 4c24 48c5 | fb10 4424 | 404c 8b5c | 2430 4c8b | 5424 284c 
  0x000001d04b65ec98: 8b4c 2420 | 4c8b 4424 | 1848 8b54 | 2410 488b | 4c24 0848 | 8b04 2448 | 83c4 70c5 | f877 498b 
  0x000001d04b65ecb8: 8f90 0400 | 00c7 8100 | 0100 0000 | 0000 00c9 

  0x000001d04b65ecc8: ;   {poll_return}
  0x000001d04b65ecc8: 41f6 4728 

  0x000001d04b65eccc: ;   {internal_word}
  0x000001d04b65eccc: 0174 1649 | bac8 ec65 | 4bd0 0100 | 004d 8997 | b804 0000 

  0x000001d04b65ece0: ;   {runtime_call SafepointBlob}
  0x000001d04b65ece0: e97b 25ec | ff49 837f | 0800 0f85 | 0100 0000 

  0x000001d04b65ecf0: ;   {runtime_call Stub::Stub Generator forward_exception_stub}
  0x000001d04b65ecf0: c3e9 ea2a | e7ff c5f8 | 7748 8945 | f84c 8be4 | 4883 ec20 | 4883 e4f0 

  0x000001d04b65ed08: ;   {runtime_call}
  0x000001d04b65ed08: 48b8 3036 | 34a3 fe7f | 0000 ffd0 | 498b e44d | 33e4 488b | 45f8 e947 | feff fff4 | f4f4 f4f4 
[/MachCode]


Compiled method (c1) 8682  935       1       java.lang.ClassLoader::defineClass (43 bytes)
 total in heap  [0x000001d04b6e4488,0x000001d04b6e47a8] = 800
 main code      [0x000001d04b6e4580,0x000001d04b6e4740] = 448
 stub code      [0x000001d04b6e4740,0x000001d04b6e47a8] = 104
 mutable data [0x000001d058a31310,0x000001d058a313b8] = 168
 relocation     [0x000001d058a31310,0x000001d058a31378] = 104
 metadata       [0x000001d058a31378,0x000001d058a313b8] = 64
 immutable data [0x000001d058a12290,0x000001d058a1242c] = 412
 dependencies   [0x000001d058a12290,0x000001d058a122a8] = 24
 nul chk table  [0x000001d058a122a8,0x000001d058a122d0] = 40
 scopes pcs     [0x000001d058a122d0,0x000001d058a12370] = 160
 scopes data    [0x000001d058a12370,0x000001d058a12428] = 184

[Constant Pool (empty)]


Loading hsdis library failed, undisassembled code is shown in MachCode section
[MachCode]
[Instructions begin]
  0x000001d04b6e4580: 6666 660f | 1f84 0000 | 0000 0066 | 6666 9066 | 6690 448b | 5208 443b 

  0x000001d04b6e4598: ;   {runtime_call Shared Runtime ic_miss_blob}
  0x000001d04b6e4598: 5008 0f85 | 40a8 e3ff 
[Verified Entry Point]
  0x000001d04b6e45a0: 8984 2400 | 80ff ff55 | 4881 ecb0 | 0000 0090 | 4181 7f20 | 0700 0000 

  0x000001d04b6e45b8: ;   {runtime_call Stub::Stub Generator method_entry_barrier_stub}
  0x000001d04b6e45b8: 7405 e8c1 | fae1 ff48 | 8954 2478 | 89b4 2494 | 0000 0089 | bc24 9000 | 0000 4c89 | 8c24 8800 
  0x000001d04b6e45d8: 0000 498b | d84c 8bc3 | 4c8b c948 | 8bca 488b | d148 899c | 2480 0000 | 0066 0f1f 

  0x000001d04b6e45f4: ;   {optimized virtual_call}
  0x000001d04b6e45f4: 4400 00e8 

  0x000001d04b6e45f8: ; ImmutableOopMap {[120]=Oop [128]=Oop [136]=Oop }
                      ;*invokevirtual preDefineClass {reexecute=0 rethrow=0 return_oop=0}
                      ; - java.lang.ClassLoader::defineClass@4 (line 972)
  0x000001d04b6e45f8: 2403 0000 

  0x000001d04b6e45fc: ;   {post_call_nop}
  0x000001d04b6e45fc: 0f1f 8400 | 7401 0000 | 4889 8424 | 9800 0000 

  0x000001d04b6e460c: ; implicit exception: dispatches to 0x000001d04b6e46e7
  0x000001d04b6e460c: 448b 4010 | 4d85 c00f | 850f 0000 

  0x000001d04b6e4618: ;   {oop(nullptr)}
  0x000001d04b6e4618: 0048 bb00 | 0000 0000 | 0000 00e9 | 3f00 0000 

  0x000001d04b6e4628: ; implicit exception: dispatches to 0x000001d04b6e46ec
  0x000001d04b6e4628: 458b 400c | 4d85 c00f | 850f 0000 

  0x000001d04b6e4634: ;   {oop(nullptr)}
  0x000001d04b6e4634: 0048 bb00 | 0000 0000 | 0000 00e9 | 2300 0000 

  0x000001d04b6e4644: ; implicit exception: dispatches to 0x000001d04b6e46f1
  0x000001d04b6e4644: 418b 5038 

  0x000001d04b6e4648: ; implicit exception: dispatches to 0x000001d04b6e46f6
  0x000001d04b6e4648: 483b 020f 

  0x000001d04b6e464c: ;   {optimized virtual_call}
  0x000001d04b6e464c: 1f40 00e8 

  0x000001d04b6e4650: ; ImmutableOopMap {[120]=Oop [128]=Oop [136]=Oop [152]=Oop }
                      ;*invokevirtual toExternalForm {reexecute=0 rethrow=0 return_oop=0}
                      ; - java.net.URL::toExternalForm@5 (line 1154)
                      ; - java.net.URL::toString@1 (line 1140)
                      ; - java.lang.ClassLoader::defineClassSourceLocation@22 (line 876)
                      ; - java.lang.ClassLoader::defineClass@12 (line 973)
  0x000001d04b6e4650: cca2 f9ff 

  0x000001d04b6e4654: ;   {post_call_nop}
  0x000001d04b6e4654: 0f1f 8400 | cc01 0001 | 488b d848 | 8b84 2498 | 0000 008b | b424 9400 | 0000 8bbc | 2490 0000 
  0x000001d04b6e4674: 004c 8b8c | 2488 0000 | 004c 8b84 | 2480 0000 | 0048 8b54 | 2478 4c8b | da49 8bd3 | 488b c848 
  0x000001d04b6e4694: ;   {static_call}
  0x000001d04b6e4694: 891c 24e8 

  0x000001d04b6e4698: ; ImmutableOopMap {[120]=Oop [152]=Oop }
                      ;*invokestatic defineClass1 {reexecute=0 rethrow=0 return_oop=0}
                      ; - java.lang.ClassLoader::defineClass@27 (line 974)
  0x000001d04b6e4698: 74a3 f7ff 

  0x000001d04b6e469c: ;   {post_call_nop}
  0x000001d04b6e469c: 0f1f 8400 | 1402 0002 | 4c8b c04c | 8b8c 2498 | 0000 0048 | 8b54 2478 | 4889 8424 | a000 0000 
  0x000001d04b6e46bc: ;   {optimized virtual_call}
  0x000001d04b6e46bc: 6666 90e8 

  0x000001d04b6e46c0: ; ImmutableOopMap {[160]=Oop }
                      ;*invokevirtual postDefineClass {reexecute=0 rethrow=0 return_oop=0}
                      ; - java.lang.ClassLoader::defineClass@37 (line 975)
  0x000001d04b6e46c0: 5c11 0000 

  0x000001d04b6e46c4: ;   {post_call_nop}
  0x000001d04b6e46c4: 0f1f 8400 | 3c02 0003 | 488b 8424 | a000 0000 | 4881 c4b0 | 0000 005d 

  0x000001d04b6e46dc: ;   {poll_return}
  0x000001d04b6e46dc: 493b 6728 | 0f87 1500 

  0x000001d04b6e46e4: ;   {runtime_call C1 Runtime throw_null_pointer_exception_blob}
  0x000001d04b6e46e4: 0000 c3e8 

  0x000001d04b6e46e8: ; ImmutableOopMap {rax=Oop [120]=Oop [128]=Oop [136]=Oop [152]=Oop }
                      ;*invokevirtual getCodeSource {reexecute=0 rethrow=0 return_oop=0}
                      ; - java.lang.ClassLoader::defineClassSourceLocation@1 (line 873)
                      ; - java.lang.ClassLoader::defineClass@12 (line 973)
  0x000001d04b6e46e8: 748c eeff 

  0x000001d04b6e46ec: ;   {runtime_call C1 Runtime throw_null_pointer_exception_blob}
  0x000001d04b6e46ec: e86f 8cee 

  0x000001d04b6e46f0: ; ImmutableOopMap {rax=Oop [120]=Oop [128]=Oop [136]=Oop [152]=Oop }
                      ;*invokevirtual getLocation {reexecute=0 rethrow=0 return_oop=0}
                      ; - java.lang.ClassLoader::defineClassSourceLocation@12 (line 875)
                      ; - java.lang.ClassLoader::defineClass@12 (line 973)
                      ;   {runtime_call C1 Runtime throw_null_pointer_exception_blob}
  0x000001d04b6e46f0: ffe8 6a8c 

  0x000001d04b6e46f4: ; ImmutableOopMap {r8=Oop [120]=Oop [128]=Oop [136]=Oop [152]=Oop }
                      ;*invokevirtual toString {reexecute=0 rethrow=0 return_oop=0}
                      ; - java.lang.ClassLoader::defineClassSourceLocation@22 (line 876)
                      ; - java.lang.ClassLoader::defineClass@12 (line 973)
                      ;   {runtime_call C1 Runtime throw_null_pointer_exception_blob}
  0x000001d04b6e46f4: eeff e865 

  0x000001d04b6e46f8: ; ImmutableOopMap {r8=Oop rdx=Oop [120]=Oop [128]=Oop [136]=Oop [152]=Oop }
                      ;*invokevirtual toExternalForm {reexecute=0 rethrow=0 return_oop=0}
                      ; - java.net.URL::toExternalForm@5 (line 1154)
                      ; - java.net.URL::toString@1 (line 1140)
                      ; - java.lang.ClassLoader::defineClassSourceLocation@22 (line 876)
                      ; - java.lang.ClassLoader::defineClass@12 (line 973)
                      ;   {internal_word}
  0x000001d04b6e46f8: 8cee ff49 | badc 466e | 4bd0 0100 | 004d 8997 | b804 0000 

  0x000001d04b6e470c: ;   {runtime_call SafepointBlob}
  0x000001d04b6e470c: e94f cbe3 | ff49 8b87 | 6805 0000 | 49c7 8768 | 0500 0000 | 0000 0049 | c787 7005 | 0000 0000 
  0x000001d04b6e472c: 0000 4881 | c4b0 0000 

  0x000001d04b6e4734: ;   {runtime_call C1 Runtime unwind_exception_blob}
  0x000001d04b6e4734: 005d e925 | 7dee fff4 | f4f4 f4f4 
[Stub Code]
  0x000001d04b6e4740: ;   {other}
  0x000001d04b6e4740: 0f1f 4400 

  0x000001d04b6e4744: ;   {static_stub}
  0x000001d04b6e4744: 0048 bb00 | 0000 0000 

  0x000001d04b6e474c: ;   {runtime_call nmethod}
  0x000001d04b6e474c: 0000 00e9 | fbff ffff 

  0x000001d04b6e4754: ;   {static_stub}
  0x000001d04b6e4754: 48bb 50cf | 4a35 0000 

  0x000001d04b6e475c: ;   {runtime_call I2C/C2I adapters}
  0x000001d04b6e475c: 0000 e9d7 

  0x000001d04b6e4760: ;   {static_stub}
  0x000001d04b6e4760: 8ee3 ff48 | bb00 0000 | 0000 0000 

  0x000001d04b6e476c: ;   {runtime_call nmethod}
  0x000001d04b6e476c: 00e9 fbff 

  0x000001d04b6e4770: ;   {static_stub}
  0x000001d04b6e4770: ffff 48bb | 38ce 4a35 | 0000 0000 

  0x000001d04b6e477c: ;   {runtime_call I2C/C2I adapters}
  0x000001d04b6e477c: e9b9 8ee3 

  0x000001d04b6e4780: ;   {runtime_call C1 Runtime handle_exception_from_callee_blob}
  0x000001d04b6e4780: ffe8 daa9 

  0x000001d04b6e4784: ;   {external_word}
  0x000001d04b6e4784: eeff 48b9 | 3872 5fa3 | fe7f 0000 | 4883 e4f0 

  0x000001d04b6e4794: ;   {runtime_call}
  0x000001d04b6e4794: 48b8 40e4 | 20a3 fe7f | 0000 ffd0 

  0x000001d04b6e47a0: ;   {runtime_call DeoptimizationBlob}
  0x000001d04b6e47a0: f4e8 bacd | e3ff ebf9 
[/MachCode]


Compiled method (c1) 8690  687       1       jdk.internal.loader.BuiltinClassLoader::defineClass (121 bytes)
 total in heap  [0x000001d04b6a7588,0x000001d04b6a7a70] = 1256
 main code      [0x000001d04b6a7680,0x000001d04b6a7998] = 792
 stub code      [0x000001d04b6a7998,0x000001d04b6a7a70] = 216
 mutable data [0x000001d0588c3df0,0x000001d0588c3f08] = 280
 relocation     [0x000001d0588c3df0,0x000001d0588c3ec0] = 208
 metadata       [0x000001d0588c3ec0,0x000001d0588c3f08] = 72
 immutable data [0x000001d058906990,0x000001d058906c4c] = 700
 dependencies   [0x000001d058906990,0x000001d0589069a8] = 24
 nul chk table  [0x000001d0589069a8,0x000001d0589069c8] = 32
 scopes pcs     [0x000001d0589069c8,0x000001d058906ad8] = 272
 scopes data    [0x000001d058906ad8,0x000001d058906c48] = 368

[Constant Pool (empty)]


Loading hsdis library failed, undisassembled code is shown in MachCode section
[MachCode]
[Instructions begin]
  0x000001d04b6a7680: 6666 660f | 1f84 0000 | 0000 0066 | 6666 9066 | 6690 448b | 5208 443b 

  0x000001d04b6a7698: ;   {runtime_call Shared Runtime ic_miss_blob}
  0x000001d04b6a7698: 5008 0f85 | 4077 e7ff 
[Verified Entry Point]
  0x000001d04b6a76a0: 8984 2400 | 80ff ff55 | 4881 ece0 | 0000 0090 | 4181 7f20 | 0700 0000 

  0x000001d04b6a76b8: ;   {runtime_call Stub::Stub Generator method_entry_barrier_stub}
  0x000001d04b6a76b8: 7405 e8c1 | c9e5 ff48 | 8994 24a0 | 0000 004c | 8984 2490 | 0000 004c | 898c 2498 | 0000 0049 
  0x000001d04b6a76d8: 8bd1 6666 | 9048 b800 | 8c42 58d0 

  0x000001d04b6a76e4: ;   {virtual_call}
  0x000001d04b6a76e4: 0100 00e8 

  0x000001d04b6a76e8: ; ImmutableOopMap {[144]=Oop [152]=Oop [160]=Oop }
                      ;*invokevirtual getCodeSourceURL {reexecute=0 rethrow=0 return_oop=0}
                      ; - jdk.internal.loader.BuiltinClassLoader::defineClass@1 (line 756)
  0x000001d04b6a76e8: ac00 0c00 

  0x000001d04b6a76ec: ;   {post_call_nop}
  0x000001d04b6a76ec: 0f1f 8400 | 6401 0000 | 4889 8424 | a800 0000 | 4c8b 8424 | 9000 0000 

  0x000001d04b6a7704: ; implicit exception: dispatches to 0x000001d04b6a7937
  0x000001d04b6a7704: 418b 7014 

  0x000001d04b6a7708: ; implicit exception: dispatches to 0x000001d04b6a793c
  0x000001d04b6a7708: 8b56 0c45 | 0fbe 4810 | 498b c9c1 | e118 c1f9 | 18d3 fa48 | 8bfa ffcf | 4585 c9ba | 0000 0000 
  0x000001d04b6a7728: 7505 ba01 | 0000 0083 | e201 85d2 | 488b d641 | b82e 0000 | 004c 8bcf | 0f84 1300 

  0x000001d04b6a7744: ;   {static_call}
  0x000001d04b6a7744: 0000 90e8 

  0x000001d04b6a7748: ; ImmutableOopMap {[144]=Oop [152]=Oop [160]=Oop [168]=Oop }
                      ;*invokestatic lastIndexOf {reexecute=0 rethrow=0 return_oop=0}
                      ; - java.lang.String::lastIndexOf@13 (line 2925)
                      ; - java.lang.String::lastIndexOf@8 (line 2887)
                      ; - jdk.internal.loader.BuiltinClassLoader::defineClass@8 (line 759)
  0x000001d04b6a7748: 3456 f4ff 

  0x000001d04b6a774c: ;   {post_call_nop}
  0x000001d04b6a774c: 0f1f 8400 | c401 0001 | e913 0000 | 0066 0f1f 

  0x000001d04b6a775c: ;   {static_call}
  0x000001d04b6a775c: 4400 00e8 

  0x000001d04b6a7760: ; ImmutableOopMap {[144]=Oop [152]=Oop [160]=Oop [168]=Oop }
                      ;*invokestatic lastIndexOf {reexecute=0 rethrow=0 return_oop=0}
                      ; - java.lang.String::lastIndexOf@25 (line 2926)
                      ; - java.lang.String::lastIndexOf@8 (line 2887)
                      ; - jdk.internal.loader.BuiltinClassLoader::defineClass@8 (line 759)
  0x000001d04b6a7760: 7c7f e7ff 

  0x000001d04b6a7764: ;   {post_call_nop}
  0x000001d04b6a7764: 0f1f 8400 | dc01 0002 | 83f8 ff0f | 847f 0000 | 0041 b800 | 0000 004c | 8bc8 488b | 9424 9000 
  0x000001d04b6a7784: ;   {optimized virtual_call}
  0x000001d04b6a7784: 0000 90e8 

  0x000001d04b6a7788: ; ImmutableOopMap {[144]=Oop [152]=Oop [160]=Oop [168]=Oop }
                      ;*invokevirtual substring {reexecute=0 rethrow=0 return_oop=0}
                      ; - jdk.internal.loader.BuiltinClassLoader::defineClass@23 (line 761)
  0x000001d04b6a7788: 148b f6ff 

  0x000001d04b6a778c: ;   {post_call_nop}
  0x000001d04b6a778c: 0f1f 8400 | 0402 0003 | 488b 9424 | 9800 0000 | 4889 8424 | b000 0000 | 9048 b828 | 8c42 58d0 
  0x000001d04b6a77ac: ;   {virtual_call}
  0x000001d04b6a77ac: 0100 00e8 

  0x000001d04b6a77b0: ; ImmutableOopMap {[144]=Oop [152]=Oop [160]=Oop [168]=Oop [176]=Oop }
                      ;*invokevirtual getManifest {reexecute=0 rethrow=0 return_oop=0}
                      ; - jdk.internal.loader.BuiltinClassLoader::defineClass@29 (line 762)
  0x000001d04b6a77b0: 0cfd 0b00 

  0x000001d04b6a77b4: ;   {post_call_nop}
  0x000001d04b6a77b4: 0f1f 8400 | 2c02 0004 | 4c8b 8424 | b000 0000 | 4c8b c848 | 8bbc 24a8 | 0000 0048 | 8b94 24a0 
  0x000001d04b6a77d4: 0000 0066 | 0f1f 4400 | 0048 b850 | 8c42 58d0 

  0x000001d04b6a77e4: ;   {virtual_call}
  0x000001d04b6a77e4: 0100 00e8 

  0x000001d04b6a77e8: ; ImmutableOopMap {[144]=Oop [152]=Oop [160]=Oop [168]=Oop }
                      ;*invokevirtual defineOrCheckPackage {reexecute=0 rethrow=0 return_oop=0}
                      ; - jdk.internal.loader.BuiltinClassLoader::defineClass@40 (line 763)
  0x000001d04b6a77e8: 260f 0000 

  0x000001d04b6a77ec: ;   {post_call_nop}
  0x000001d04b6a77ec: 0f1f 8400 | 6402 0005 | 4c8b 8c24 | 9800 0000 | 498b d166 | 0f1f 4400 | 0048 b878 | 8c42 58d0 
  0x000001d04b6a780c: ;   {virtual_call}
  0x000001d04b6a780c: 0100 00e8 

  0x000001d04b6a7810: ; ImmutableOopMap {[144]=Oop [152]=Oop [160]=Oop [168]=Oop }
                      ;*invokevirtual getBytes {reexecute=0 rethrow=0 return_oop=0}
                      ; - jdk.internal.loader.BuiltinClassLoader::defineClass@84 (line 773)
  0x000001d04b6a7810: d476 f5ff 

  0x000001d04b6a7814: ;   {post_call_nop}
  0x000001d04b6a7814: 0f1f 8400 | 8c02 0006 | 4889 8424 | b800 0000 | 488b 9424 | 9800 0000 | 9048 b8a0 | 8c42 58d0 
  0x000001d04b6a7834: ;   {virtual_call}
  0x000001d04b6a7834: 0100 00e8 

  0x000001d04b6a7838: ; ImmutableOopMap {[144]=Oop [160]=Oop [168]=Oop [184]=Oop }
                      ;*invokevirtual getCodeSigners {reexecute=0 rethrow=0 return_oop=0}
                      ; - jdk.internal.loader.BuiltinClassLoader::defineClass@90 (line 774)
  0x000001d04b6a7838: d472 f5ff 

  0x000001d04b6a783c: ;   {post_call_nop}
  0x000001d04b6a783c: 0f1f 8400 | b402 0007 

  0x000001d04b6a7844: ;   {metadata('java/security/CodeSource')}
  0x000001d04b6a7844: 4c8b c848 | ba48 e21c | 3500 0000 | 0049 8b87 | b001 0000 | 488d 7828 | 493b bfc0 | 0100 000f 
  0x000001d04b6a7864: 87d8 0000 | 0049 89bf | b001 0000 | 48c7 0001 | 0000 0048 | 8bca 41ba | 0000 0035 | 492b ca89 
  0x000001d04b6a7884: 4808 4833 | c989 480c | 4833 c948 | 8948 1048 | 8948 1848 | 8948 204c | 8b84 24a8 | 0000 0048 
  0x000001d04b6a78a4: 8bd0 4889 | 8424 c000 

  0x000001d04b6a78ac: ;   {optimized virtual_call}
  0x000001d04b6a78ac: 0000 90e8 

  0x000001d04b6a78b0: ; ImmutableOopMap {[144]=Oop [160]=Oop [184]=Oop [192]=Oop }
                      ;*invokespecial <init> {reexecute=0 rethrow=0 return_oop=0}
                      ; - jdk.internal.loader.BuiltinClassLoader::defineClass@102 (line 775)
  0x000001d04b6a78b0: 6cbb 0300 

  0x000001d04b6a78b4: ;   {post_call_nop}
  0x000001d04b6a78b4: 0f1f 8400 | 2c03 0008 | 488b 8424 | b800 0000 

  0x000001d04b6a78c4: ; implicit exception: dispatches to 0x000001d04b6a794e
  0x000001d04b6a78c4: 8b70 0c4c | 8b84 24c0 | 0000 0048 | 8b94 24a0 | 0000 0089 | b424 c800 

  0x000001d04b6a78dc: ;   {optimized virtual_call}
  0x000001d04b6a78dc: 0000 90e8 

  0x000001d04b6a78e0: ; ImmutableOopMap {[144]=Oop [160]=Oop [184]=Oop }
                      ;*invokevirtual getProtectionDomain {reexecute=0 rethrow=0 return_oop=0}
                      ; - java.security.SecureClassLoader::defineClass@9 (line 145)
                      ; - jdk.internal.loader.BuiltinClassLoader::defineClass@117 (line 776)
  0x000001d04b6a78e0: bcbf 0300 

  0x000001d04b6a78e4: ;   {post_call_nop}
  0x000001d04b6a78e4: 0f1f 8400 | 5c03 0009 | 4c8b 8424 | 9000 0000 | 4c8b 8c24 | b800 0000 | bf00 0000 | 008b b424 
  0x000001d04b6a7904: c800 0000 | 488b c848 | 8b94 24a0 | 0000 000f 

  0x000001d04b6a7914: ;   {optimized virtual_call}
  0x000001d04b6a7914: 1f40 00e8 

  0x000001d04b6a7918: ; ImmutableOopMap {}
                      ;*invokevirtual defineClass {reexecute=0 rethrow=0 return_oop=0}
                      ; - java.security.SecureClassLoader::defineClass@12 (line 145)
                      ; - jdk.internal.loader.BuiltinClassLoader::defineClass@117 (line 776)
  0x000001d04b6a7918: 84cc 0300 

  0x000001d04b6a791c: ;   {post_call_nop}
  0x000001d04b6a791c: 0f1f 8400 | 9403 000a | 4881 c4e0 | 0000 005d 

  0x000001d04b6a792c: ;   {poll_return}
  0x000001d04b6a792c: 493b 6728 | 0f87 1d00 

  0x000001d04b6a7934: ;   {runtime_call C1 Runtime throw_null_pointer_exception_blob}
  0x000001d04b6a7934: 0000 c3e8 

  0x000001d04b6a7938: ; ImmutableOopMap {rax=Oop r8=Oop [144]=Oop [152]=Oop [160]=Oop [168]=Oop }
                      ;*invokevirtual lastIndexOf {reexecute=0 rethrow=0 return_oop=0}
                      ; - jdk.internal.loader.BuiltinClassLoader::defineClass@8 (line 759)
  0x000001d04b6a7938: 245a f2ff 

  0x000001d04b6a793c: ;   {runtime_call C1 Runtime throw_null_pointer_exception_blob}
  0x000001d04b6a793c: e81f 5af2 

  0x000001d04b6a7940: ; ImmutableOopMap {rax=Oop r8=Oop rsi=Oop [144]=Oop [152]=Oop [160]=Oop [168]=Oop }
                      ;*arraylength {reexecute=0 rethrow=0 return_oop=0}
                      ; - java.lang.String::length@4 (line 1744)
                      ; - java.lang.String::lastIndexOf@3 (line 2887)
                      ; - jdk.internal.loader.BuiltinClassLoader::defineClass@8 (line 759)
  0x000001d04b6a7940: ff48 8bd2 

  0x000001d04b6a7944: ;   {runtime_call C1 Runtime fast_new_instance_blob}
  0x000001d04b6a7944: e817 63f2 

  0x000001d04b6a7948: ; ImmutableOopMap {r9=Oop [144]=Oop [160]=Oop [168]=Oop [184]=Oop }
                      ;*new {reexecute=0 rethrow=0 return_oop=0}
                      ; - jdk.internal.loader.BuiltinClassLoader::defineClass@95 (line 775)
  0x000001d04b6a7948: ffe9 4dff 

  0x000001d04b6a794c: ;   {runtime_call C1 Runtime throw_null_pointer_exception_blob}
  0x000001d04b6a794c: ffff e80d 

  0x000001d04b6a7950: ; ImmutableOopMap {rax=Oop [144]=Oop [160]=Oop [184]=Oop [192]=Oop }
                      ;*arraylength {reexecute=0 rethrow=0 return_oop=0}
                      ; - jdk.internal.loader.BuiltinClassLoader::defineClass@114 (line 776)
                      ;   {internal_word}
  0x000001d04b6a7950: 5af2 ff49 | ba2c 796a | 4bd0 0100 | 004d 8997 | b804 0000 

  0x000001d04b6a7964: ;   {runtime_call SafepointBlob}
  0x000001d04b6a7964: e9f7 98e7 | ff49 8b87 | 6805 0000 | 49c7 8768 | 0500 0000 | 0000 0049 | c787 7005 | 0000 0000 
  0x000001d04b6a7984: 0000 4881 | c4e0 0000 

  0x000001d04b6a798c: ;   {runtime_call C1 Runtime unwind_exception_blob}
  0x000001d04b6a798c: 005d e9cd | 4af2 fff4 | f4f4 f4f4 
[Stub Code]
  0x000001d04b6a7998: ;   {other}
  0x000001d04b6a7998: 0f1f 4400 

  0x000001d04b6a799c: ;   {static_stub}
  0x000001d04b6a799c: 0048 bb00 | 0000 0000 

  0x000001d04b6a79a4: ;   {runtime_call nmethod}
  0x000001d04b6a79a4: 0000 00e9 | fbff ffff 

  0x000001d04b6a79ac: ;   {static_stub}
  0x000001d04b6a79ac: 9048 bb00 | 0000 0000 

  0x000001d04b6a79b4: ;   {runtime_call nmethod}
  0x000001d04b6a79b4: 0000 00e9 | fbff ffff 

  0x000001d04b6a79bc: ;   {static_stub}
  0x000001d04b6a79bc: 9048 bb00 | 0000 0000 

  0x000001d04b6a79c4: ;   {runtime_call nmethod}
  0x000001d04b6a79c4: 0000 00e9 | fbff ffff 

  0x000001d04b6a79cc: ;   {static_stub}
  0x000001d04b6a79cc: 9048 bb00 | 0000 0000 

  0x000001d04b6a79d4: ;   {runtime_call nmethod}
  0x000001d04b6a79d4: 0000 00e9 | fbff ffff 

  0x000001d04b6a79dc: ;   {static_stub}
  0x000001d04b6a79dc: 9048 bb00 | 0000 0000 

  0x000001d04b6a79e4: ;   {runtime_call nmethod}
  0x000001d04b6a79e4: 0000 00e9 | fbff ffff 

  0x000001d04b6a79ec: ;   {static_stub}
  0x000001d04b6a79ec: 48bb 0000 | 0000 0000 

  0x000001d04b6a79f4: ;   {runtime_call nmethod}
  0x000001d04b6a79f4: 0000 e9fb 

  0x000001d04b6a79f8: ;   {static_stub}
  0x000001d04b6a79f8: ffff ff48 | bb00 0000 | 0000 0000 

  0x000001d04b6a7a04: ;   {runtime_call nmethod}
  0x000001d04b6a7a04: 00e9 fbff 

  0x000001d04b6a7a08: ;   {static_stub}
  0x000001d04b6a7a08: ffff 48bb | 10e8 1c35 | 0000 0000 

  0x000001d04b6a7a14: ;   {runtime_call I2C/C2I adapters}
  0x000001d04b6a7a14: e921 5ce7 

  0x000001d04b6a7a18: ;   {static_stub}
  0x000001d04b6a7a18: ff48 bb38 | f61c 3500 

  0x000001d04b6a7a20: ;   {runtime_call I2C/C2I adapters}
  0x000001d04b6a7a20: 0000 00e9 | 0ee5 e7ff 

  0x000001d04b6a7a28: ;   {static_stub}
  0x000001d04b6a7a28: 48bb 68d2 | 4a35 0000 

  0x000001d04b6a7a30: ;   {runtime_call I2C/C2I adapters}
  0x000001d04b6a7a30: 0000 e98d 

  0x000001d04b6a7a34: ;   {static_stub}
  0x000001d04b6a7a34: dee6 ff48 | bb00 0000 | 0000 0000 

  0x000001d04b6a7a40: ;   {runtime_call nmethod}
  0x000001d04b6a7a40: 00e9 fbff 

  0x000001d04b6a7a44: ;   {runtime_call C1 Runtime handle_exception_from_callee_blob}
  0x000001d04b6a7a44: ffff e815 

  0x000001d04b6a7a48: ;   {external_word}
  0x000001d04b6a7a48: 77f2 ff48 | b938 725f | a3fe 7f00 | 0048 83e4 

  0x000001d04b6a7a58: ;   {runtime_call}
  0x000001d04b6a7a58: f048 b840 | e420 a3fe | 7f00 00ff 

  0x000001d04b6a7a64: ;   {runtime_call DeoptimizationBlob}
  0x000001d04b6a7a64: d0f4 e8f5 | 9ae7 ffeb | f9f4 f4f4 
[/MachCode]


---------------  P R O C E S S  ---------------

Threads class SMR info:
_java_thread_list=0x000001d0596d3cc0, length=16, elements={
0x000001d04036f5b0, 0x000001d053ad29c0, 0x000001d053ad3570, 0x000001d053ad9c70,
0x000001d053adade0, 0x000001d053adb990, 0x000001d053adf030, 0x000001d053ae0380,
0x000001d053aad860, 0x000001d053b6e360, 0x000001d0584ce8e0, 0x000001d0584f2010,
0x000001d0584f27c0, 0x000001d05856f490, 0x000001d059662d50, 0x000001d0597297e0
}

Java Threads: ( => current thread )
=>0x000001d04036f5b0 JavaThread "main"                              [_thread_in_vm, id=9212, stack(0x000000a8a8a00000,0x000000a8a8b00000) (1024K)]
  0x000001d053ad29c0 JavaThread "Reference Handler"          daemon [_thread_blocked, id=9352, stack(0x000000a8a9300000,0x000000a8a9400000) (1024K)]
  0x000001d053ad3570 JavaThread "Finalizer"                  daemon [_thread_blocked, id=26832, stack(0x000000a8a9400000,0x000000a8a9500000) (1024K)]
  0x000001d053ad9c70 JavaThread "Signal Dispatcher"          daemon [_thread_blocked, id=26228, stack(0x000000a8a9500000,0x000000a8a9600000) (1024K)]
  0x000001d053adade0 JavaThread "Attach Listener"            daemon [_thread_blocked, id=1160, stack(0x000000a8a9600000,0x000000a8a9700000) (1024K)]
  0x000001d053adb990 JavaThread "Service Thread"             daemon [_thread_blocked, id=7504, stack(0x000000a8a9700000,0x000000a8a9800000) (1024K)]
  0x000001d053adf030 JavaThread "Monitor Deflation Thread"   daemon [_thread_blocked, id=23704, stack(0x000000a8a9800000,0x000000a8a9900000) (1024K)]
  0x000001d053ae0380 JavaThread "C1 CompilerThread0"         daemon [_thread_blocked, id=10116, stack(0x000000a8a9900000,0x000000a8a9a00000) (1024K)]
  0x000001d053aad860 JavaThread "Notification Thread"        daemon [_thread_blocked, id=12784, stack(0x000000a8a9a00000,0x000000a8a9b00000) (1024K)]
  0x000001d053b6e360 JavaThread "Common-Cleaner"             daemon [_thread_blocked, id=18832, stack(0x000000a8a9b00000,0x000000a8a9c00000) (1024K)]
  0x000001d0584ce8e0 JavaThread "Catalina-utility-1"                [_thread_blocked, id=20964, stack(0x000000a8aa000000,0x000000a8aa100000) (1024K)]
  0x000001d0584f2010 JavaThread "Catalina-utility-2"                [_thread_blocked, id=22808, stack(0x000000a8aa500000,0x000000a8aa600000) (1024K)]
  0x000001d0584f27c0 JavaThread "container-0"                       [_thread_blocked, id=17076, stack(0x000000a8aa600000,0x000000a8aa700000) (1024K)]
  0x000001d05856f490 JavaThread "mysql-cj-abandoned-connection-cleanup" daemon [_thread_blocked, id=24432, stack(0x000000a8aa700000,0x000000a8aa800000) (1024K)]
  0x000001d059662d50 JavaThread "HikariPool-1:housekeeper"   daemon [_thread_blocked, id=27572, stack(0x000000a8aa900000,0x000000a8aaa00000) (1024K)]
  0x000001d0597297e0 JavaThread "HikariPool-1:connection-adder" daemon [_thread_blocked, id=6356, stack(0x000000a8aaa00000,0x000000a8aab00000) (1024K)]
Total: 16

Other Threads:
  0x000001d053ac15a0 VMThread "VM Thread"                           [id=21936, stack(0x000000a8a9200000,0x000000a8a9300000) (1024K)]
  0x000001d053aad0e0 WatcherThread "VM Periodic Task Thread"        [id=19344, stack(0x000000a8a9100000,0x000000a8a9200000) (1024K)]
  0x000001d04287a280 WorkerThread "GC Thread#0"                     [id=22596, stack(0x000000a8a8b00000,0x000000a8a8c00000) (1024K)]
  0x000001d058189370 WorkerThread "GC Thread#1"                     [id=21884, stack(0x000000a8a9c00000,0x000000a8a9d00000) (1024K)]
  0x000001d058ace9d0 WorkerThread "GC Thread#2"                     [id=25860, stack(0x000000a8a9e00000,0x000000a8a9f00000) (1024K)]
  0x000001d058b8eff0 WorkerThread "GC Thread#3"                     [id=20116, stack(0x000000a8a9f00000,0x000000a8aa000000) (1024K)]
  0x000001d058c501d0 WorkerThread "GC Thread#4"                     [id=3052, stack(0x000000a8aa100000,0x000000a8aa200000) (1024K)]
  0x000001d058c953a0 WorkerThread "GC Thread#5"                     [id=15268, stack(0x000000a8aa200000,0x000000a8aa300000) (1024K)]
  0x000001d058d7d180 WorkerThread "GC Thread#6"                     [id=14256, stack(0x000000a8aa300000,0x000000a8aa400000) (1024K)]
  0x000001d058ee9430 WorkerThread "GC Thread#7"                     [id=26660, stack(0x000000a8aa400000,0x000000a8aa500000) (1024K)]
  0x000001d042892a40 ConcurrentGCThread "G1 Main Marker"            [id=16748, stack(0x000000a8a8c00000,0x000000a8a8d00000) (1024K)]
  0x000001d0428935c0 WorkerThread "G1 Conc#0"                       [id=10908, stack(0x000000a8a8d00000,0x000000a8a8e00000) (1024K)]
  0x000001d058189790 WorkerThread "G1 Conc#1"                       [id=26592, stack(0x000000a8a9d00000,0x000000a8a9e00000) (1024K)]
  0x000001d0428ce100 WorkerThread "G1 Refinement Workers#0"         [id=17592, stack(0x000000a8a8f00000,0x000000a8a9000000) (1024K)]
  0x000001d0428cb330 ConcurrentGCThread "G1 Refine Control"         [id=22292, stack(0x000000a8a8e00000,0x000000a8a8f00000) (1024K)]
  0x000001d0428d1720 ConcurrentGCThread "G1 Service"                [id=22684, stack(0x000000a8a9000000,0x000000a8a9100000) (1024K)]
Total: 16

Threads with active compile tasks:
Total: 0

VM state: not at safepoint (normal execution)

VM Mutex/Monitor currently owned by a thread:  ([mutex/lock_event])
[0x00007ffea38ccb08] Metaspace_lock - owner thread: 0x000001d04036f5b0

Heap address: 0x0000000083000000, size: 2000 MB, Compressed Oops mode: 32-bit

CDS archive(s) mapped at: [0x0000000035000000-0x0000000035de0000-0x0000000035de0000), size 14548992, SharedBaseAddress: 0x0000000035000000, ArchiveRelocationMode: 1.
Compressed class space mapped at: 0x0000000036000000-0x0000000076000000, reserved size: 1073741824
UseCompressedClassPointers 1, UseCompactObjectHeaders 0
Narrow klass pointer bits 32, Max shift 3
Narrow klass base: 0x0000000035000000, Narrow klass shift: 0
Encoding Range: [0x0000000035000000 - 0x0000000135000000), (4294967296 bytes)
Klass Range:    [0x0000000035000000 - 0x0000000076000000), (1090519040 bytes)
Klass ID Range:  [8 - 1090519033) (1090519025)
Protection zone: [0x0000000035000000 - 0x0000000035010000), (65536 bytes)

GC Precious Log:
 CardTable entry size: 512
 Card Set container configuration: InlinePtr #cards 5 size 8 Array Of Cards #cards 10 size 36 Howl #buckets 4 coarsen threshold 1843 Howl Bitmap #cards 512 size 80 coarsen threshold 460 Card regions per heap region 1 cards per card region 2048
 CPUs: 8 total, 8 available
 Memory: 7998M
 Large Page Support: Disabled
 NUMA Support: Disabled
 Compressed Oops: Enabled (32-bit)
 Heap Region Size: 1M
 Heap Min Capacity: 8M
 Heap Initial Capacity: 8M
 Heap Max Capacity: 2000M
 Pre-touch: Disabled
 Parallel Workers: 8
 Concurrent Workers: 2
 Concurrent Refinement Workers: 8
 Periodic GC: Disabled

Heap:
 garbage-first heap   total reserved 2048000K, committed 91136K, used 46439K [0x0000000083000000, 0x0000000100000000)
  region size 1M, 23 eden (23M), 3 survivor (3M), 19 old (19M), 2 humongous (2M), 42 free (42M)

Heap Regions: E=young(eden), S=young(survivor), O=old, HS=humongous(starts), HC=humongous(continues), CS=collection set, F=free, TAMS=top-at-mark-start, PB=parsable bottom
|    0|0x0000000083000000, 0x0000000083100000, 0x0000000083100000|100%|HS|  |TAMS 0x0000000083000000| PB 0x0000000083000000| Complete  |  0
|    1|0x0000000083100000, 0x0000000083200000, 0x0000000083200000|100%| O|  |TAMS 0x0000000083100000| PB 0x0000000083100000| Untracked |  0
|    2|0x0000000083200000, 0x0000000083300000, 0x0000000083300000|100%|HS|  |TAMS 0x0000000083200000| PB 0x0000000083200000| Complete  |  0
|    3|0x0000000083300000, 0x0000000083400000, 0x0000000083400000|100%| O|  |TAMS 0x0000000083300000| PB 0x0000000083300000| Untracked |  0
|    4|0x0000000083400000, 0x0000000083500000, 0x0000000083500000|100%| O|  |TAMS 0x0000000083400000| PB 0x0000000083400000| Untracked |  0
|    5|0x0000000083500000, 0x0000000083600000, 0x0000000083600000|100%| O|  |TAMS 0x0000000083500000| PB 0x0000000083500000| Untracked |  0
|    6|0x0000000083600000, 0x0000000083700000, 0x0000000083700000|100%| O|  |TAMS 0x0000000083600000| PB 0x0000000083600000| Untracked |  0
|    7|0x0000000083700000, 0x0000000083800000, 0x0000000083800000|100%| O|  |TAMS 0x0000000083700000| PB 0x0000000083700000| Untracked |  0
|    8|0x0000000083800000, 0x0000000083900000, 0x0000000083900000|100%| O|Cm|TAMS 0x0000000083800000| PB 0x0000000083800000| Complete  |  0
|    9|0x0000000083900000, 0x0000000083a00000, 0x0000000083a00000|100%| O|  |TAMS 0x0000000083900000| PB 0x0000000083900000| Untracked |  0
|   10|0x0000000083a00000, 0x0000000083b00000, 0x0000000083b00000|100%| O|  |TAMS 0x0000000083a00000| PB 0x0000000083a00000| Untracked |  0
|   11|0x0000000083b00000, 0x0000000083c00000, 0x0000000083c00000|100%| O|  |TAMS 0x0000000083b00000| PB 0x0000000083b00000| Untracked |  0
|   12|0x0000000083c00000, 0x0000000083d00000, 0x0000000083d00000|100%| O|  |TAMS 0x0000000083c00000| PB 0x0000000083c00000| Untracked |  0
|   13|0x0000000083d00000, 0x0000000083e00000, 0x0000000083e00000|100%| O|  |TAMS 0x0000000083d00000| PB 0x0000000083d00000| Untracked |  0
|   14|0x0000000083e00000, 0x0000000083f00000, 0x0000000083f00000|100%| O|  |TAMS 0x0000000083e00000| PB 0x0000000083e00000| Untracked |  0
|   15|0x0000000083f00000, 0x0000000084000000, 0x0000000084000000|100%| O|  |TAMS 0x0000000083f00000| PB 0x0000000083f00000| Untracked |  0
|   16|0x0000000084000000, 0x0000000084100000, 0x0000000084100000|100%| O|  |TAMS 0x0000000084000000| PB 0x0000000084000000| Untracked |  0
|   17|0x0000000084100000, 0x0000000084200000, 0x0000000084200000|100%| O|  |TAMS 0x0000000084100000| PB 0x0000000084100000| Untracked |  0
|   18|0x0000000084200000, 0x0000000084300000, 0x0000000084300000|100%| O|  |TAMS 0x0000000084200000| PB 0x0000000084200000| Untracked |  0
|   19|0x0000000084300000, 0x0000000084359e08, 0x0000000084400000| 35%| O|  |TAMS 0x0000000084300000| PB 0x0000000084300000| Untracked |  0
|   20|0x0000000084400000, 0x0000000084400000, 0x0000000084500000|  0%| F|  |TAMS 0x0000000084400000| PB 0x0000000084400000| Untracked |  0
|   21|0x0000000084500000, 0x0000000084500000, 0x0000000084600000|  0%| F|  |TAMS 0x0000000084500000| PB 0x0000000084500000| Untracked |  0
|   22|0x0000000084600000, 0x0000000084600000, 0x0000000084700000|  0%| F|  |TAMS 0x0000000084600000| PB 0x0000000084600000| Untracked |  0
|   23|0x0000000084700000, 0x0000000084700000, 0x0000000084800000|  0%| F|  |TAMS 0x0000000084700000| PB 0x0000000084700000| Untracked |  0
|   24|0x0000000084800000, 0x0000000084800000, 0x0000000084900000|  0%| F|  |TAMS 0x0000000084800000| PB 0x0000000084800000| Untracked |  0
|   25|0x0000000084900000, 0x0000000084900000, 0x0000000084a00000|  0%| F|  |TAMS 0x0000000084900000| PB 0x0000000084900000| Untracked |  0
|   26|0x0000000084a00000, 0x0000000084a00000, 0x0000000084b00000|  0%| F|  |TAMS 0x0000000084a00000| PB 0x0000000084a00000| Untracked |  0
|   27|0x0000000084b00000, 0x0000000084b00000, 0x0000000084c00000|  0%| F|  |TAMS 0x0000000084b00000| PB 0x0000000084b00000| Untracked |  0
|   28|0x0000000084c00000, 0x0000000084c00000, 0x0000000084d00000|  0%| F|  |TAMS 0x0000000084c00000| PB 0x0000000084c00000| Untracked |  0
|   29|0x0000000084d00000, 0x0000000084d00000, 0x0000000084e00000|  0%| F|  |TAMS 0x0000000084d00000| PB 0x0000000084d00000| Untracked |  0
|   30|0x0000000084e00000, 0x0000000084e00000, 0x0000000084f00000|  0%| F|  |TAMS 0x0000000084e00000| PB 0x0000000084e00000| Untracked |  0
|   31|0x0000000084f00000, 0x0000000084f00000, 0x0000000085000000|  0%| F|  |TAMS 0x0000000084f00000| PB 0x0000000084f00000| Untracked |  0
|   32|0x0000000085000000, 0x0000000085000000, 0x0000000085100000|  0%| F|  |TAMS 0x0000000085000000| PB 0x0000000085000000| Untracked |  0
|   33|0x0000000085100000, 0x0000000085100000, 0x0000000085200000|  0%| F|  |TAMS 0x0000000085100000| PB 0x0000000085100000| Untracked |  0
|   34|0x0000000085200000, 0x0000000085200000, 0x0000000085300000|  0%| F|  |TAMS 0x0000000085200000| PB 0x0000000085200000| Untracked |  0
|   35|0x0000000085300000, 0x0000000085300000, 0x0000000085400000|  0%| F|  |TAMS 0x0000000085300000| PB 0x0000000085300000| Untracked |  0
|   36|0x0000000085400000, 0x0000000085400000, 0x0000000085500000|  0%| F|  |TAMS 0x0000000085400000| PB 0x0000000085400000| Untracked |  0
|   37|0x0000000085500000, 0x0000000085500000, 0x0000000085600000|  0%| F|  |TAMS 0x0000000085500000| PB 0x0000000085500000| Untracked |  0
|   38|0x0000000085600000, 0x0000000085600000, 0x0000000085700000|  0%| F|  |TAMS 0x0000000085600000| PB 0x0000000085600000| Untracked |  0
|   39|0x0000000085700000, 0x0000000085700000, 0x0000000085800000|  0%| F|  |TAMS 0x0000000085700000| PB 0x0000000085700000| Untracked |  0
|   40|0x0000000085800000, 0x0000000085800000, 0x0000000085900000|  0%| F|  |TAMS 0x0000000085800000| PB 0x0000000085800000| Untracked |  0
|   41|0x0000000085900000, 0x0000000085900000, 0x0000000085a00000|  0%| F|  |TAMS 0x0000000085900000| PB 0x0000000085900000| Untracked |  0
|   42|0x0000000085a00000, 0x0000000085a00000, 0x0000000085b00000|  0%| F|  |TAMS 0x0000000085a00000| PB 0x0000000085a00000| Untracked |  0
|   43|0x0000000085b00000, 0x0000000085b00000, 0x0000000085c00000|  0%| F|  |TAMS 0x0000000085b00000| PB 0x0000000085b00000| Untracked |  0
|   44|0x0000000085c00000, 0x0000000085d00000, 0x0000000085d00000|100%| S|CS|TAMS 0x0000000085c00000| PB 0x0000000085c00000| Complete  |  0
|   45|0x0000000085d00000, 0x0000000085e00000, 0x0000000085e00000|100%| S|CS|TAMS 0x0000000085d00000| PB 0x0000000085d00000| Complete  |  0
|   46|0x0000000085e00000, 0x0000000085f00000, 0x0000000085f00000|100%| S|CS|TAMS 0x0000000085e00000| PB 0x0000000085e00000| Complete  |  0
|   47|0x0000000085f00000, 0x0000000085f00000, 0x0000000086000000|  0%| F|  |TAMS 0x0000000085f00000| PB 0x0000000085f00000| Untracked |  0
|   48|0x0000000086000000, 0x0000000086000000, 0x0000000086100000|  0%| F|  |TAMS 0x0000000086000000| PB 0x0000000086000000| Untracked |  0
|   49|0x0000000086100000, 0x0000000086100000, 0x0000000086200000|  0%| F|  |TAMS 0x0000000086100000| PB 0x0000000086100000| Untracked |  0
|   50|0x0000000086200000, 0x0000000086200000, 0x0000000086300000|  0%| F|  |TAMS 0x0000000086200000| PB 0x0000000086200000| Untracked |  0
|   51|0x0000000086300000, 0x0000000086300000, 0x0000000086400000|  0%| F|  |TAMS 0x0000000086300000| PB 0x0000000086300000| Untracked |  0
|   52|0x0000000086400000, 0x0000000086400000, 0x0000000086500000|  0%| F|  |TAMS 0x0000000086400000| PB 0x0000000086400000| Untracked |  0
|   53|0x0000000086500000, 0x0000000086500000, 0x0000000086600000|  0%| F|  |TAMS 0x0000000086500000| PB 0x0000000086500000| Untracked |  0
|   54|0x0000000086600000, 0x0000000086600000, 0x0000000086700000|  0%| F|  |TAMS 0x0000000086600000| PB 0x0000000086600000| Untracked |  0
|   55|0x0000000086700000, 0x0000000086700000, 0x0000000086800000|  0%| F|  |TAMS 0x0000000086700000| PB 0x0000000086700000| Untracked |  0
|   56|0x0000000086800000, 0x0000000086800000, 0x0000000086900000|  0%| F|  |TAMS 0x0000000086800000| PB 0x0000000086800000| Untracked |  0
|   57|0x0000000086900000, 0x0000000086900000, 0x0000000086a00000|  0%| F|  |TAMS 0x0000000086900000| PB 0x0000000086900000| Untracked |  0
|   58|0x0000000086a00000, 0x0000000086a00000, 0x0000000086b00000|  0%| F|  |TAMS 0x0000000086a00000| PB 0x0000000086a00000| Untracked |  0
|   59|0x0000000086b00000, 0x0000000086b00000, 0x0000000086c00000|  0%| F|  |TAMS 0x0000000086b00000| PB 0x0000000086b00000| Untracked |  0
|   60|0x0000000086c00000, 0x0000000086c00000, 0x0000000086d00000|  0%| F|  |TAMS 0x0000000086c00000| PB 0x0000000086c00000| Untracked |  0
|   61|0x0000000086d00000, 0x0000000086d00000, 0x0000000086e00000|  0%| F|  |TAMS 0x0000000086d00000| PB 0x0000000086d00000| Untracked |  0
|   62|0x0000000086e00000, 0x0000000086e00000, 0x0000000086f00000|  0%| F|  |TAMS 0x0000000086e00000| PB 0x0000000086e00000| Untracked |  0
|   63|0x0000000086f00000, 0x0000000086f00000, 0x0000000087000000|  0%| F|  |TAMS 0x0000000086f00000| PB 0x0000000086f00000| Untracked |  0
|   64|0x0000000087000000, 0x0000000087000000, 0x0000000087100000|  0%| F|  |TAMS 0x0000000087000000| PB 0x0000000087000000| Untracked |  0
|   65|0x0000000087100000, 0x0000000087200000, 0x0000000087200000|100%| E|CS|TAMS 0x0000000087100000| PB 0x0000000087100000| Complete  |  0
|   66|0x0000000087200000, 0x0000000087300000, 0x0000000087300000|100%| E|CS|TAMS 0x0000000087200000| PB 0x0000000087200000| Complete  |  0
|   67|0x0000000087300000, 0x0000000087400000, 0x0000000087400000|100%| E|CS|TAMS 0x0000000087300000| PB 0x0000000087300000| Complete  |  0
|   68|0x0000000087400000, 0x0000000087500000, 0x0000000087500000|100%| E|CS|TAMS 0x0000000087400000| PB 0x0000000087400000| Complete  |  0
|   69|0x0000000087500000, 0x0000000087600000, 0x0000000087600000|100%| E|CS|TAMS 0x0000000087500000| PB 0x0000000087500000| Complete  |  0
|   70|0x0000000087600000, 0x0000000087700000, 0x0000000087700000|100%| E|CS|TAMS 0x0000000087600000| PB 0x0000000087600000| Complete  |  0
|   71|0x0000000087700000, 0x0000000087800000, 0x0000000087800000|100%| E|CS|TAMS 0x0000000087700000| PB 0x0000000087700000| Complete  |  0
|   72|0x0000000087800000, 0x0000000087900000, 0x0000000087900000|100%| E|CS|TAMS 0x0000000087800000| PB 0x0000000087800000| Complete  |  0
|   73|0x0000000087900000, 0x0000000087a00000, 0x0000000087a00000|100%| E|CS|TAMS 0x0000000087900000| PB 0x0000000087900000| Complete  |  0
|   74|0x0000000087a00000, 0x0000000087b00000, 0x0000000087b00000|100%| E|CS|TAMS 0x0000000087a00000| PB 0x0000000087a00000| Complete  |  0
|   75|0x0000000087b00000, 0x0000000087c00000, 0x0000000087c00000|100%| E|CS|TAMS 0x0000000087b00000| PB 0x0000000087b00000| Complete  |  0
|   76|0x0000000087c00000, 0x0000000087d00000, 0x0000000087d00000|100%| E|CS|TAMS 0x0000000087c00000| PB 0x0000000087c00000| Complete  |  0
|   77|0x0000000087d00000, 0x0000000087e00000, 0x0000000087e00000|100%| E|CS|TAMS 0x0000000087d00000| PB 0x0000000087d00000| Complete  |  0
|   78|0x0000000087e00000, 0x0000000087f00000, 0x0000000087f00000|100%| E|CS|TAMS 0x0000000087e00000| PB 0x0000000087e00000| Complete  |  0
|   79|0x0000000087f00000, 0x0000000088000000, 0x0000000088000000|100%| E|CS|TAMS 0x0000000087f00000| PB 0x0000000087f00000| Complete  |  0
|   80|0x0000000088000000, 0x0000000088100000, 0x0000000088100000|100%| E|CS|TAMS 0x0000000088000000| PB 0x0000000088000000| Complete  |  0
|   81|0x0000000088100000, 0x0000000088200000, 0x0000000088200000|100%| E|CS|TAMS 0x0000000088100000| PB 0x0000000088100000| Complete  |  0
|   82|0x0000000088200000, 0x0000000088300000, 0x0000000088300000|100%| E|CS|TAMS 0x0000000088200000| PB 0x0000000088200000| Complete  |  0
|   83|0x0000000088300000, 0x0000000088400000, 0x0000000088400000|100%| E|CS|TAMS 0x0000000088300000| PB 0x0000000088300000| Complete  |  0
|   84|0x0000000088400000, 0x0000000088500000, 0x0000000088500000|100%| E|CS|TAMS 0x0000000088400000| PB 0x0000000088400000| Complete  |  0
|   85|0x0000000088500000, 0x0000000088600000, 0x0000000088600000|100%| E|CS|TAMS 0x0000000088500000| PB 0x0000000088500000| Complete  |  0
|   86|0x0000000088600000, 0x0000000088700000, 0x0000000088700000|100%| E|CS|TAMS 0x0000000088600000| PB 0x0000000088600000| Complete  |  0
| 1998|0x00000000ffe00000, 0x00000000fff00000, 0x00000000fff00000|100%| O|  |TAMS 0x00000000ffe00000| PB 0x00000000ffe00000| Untracked |  0
| 1999|0x00000000fff00000, 0x0000000100000000, 0x0000000100000000|100%| E|CS|TAMS 0x00000000fff00000| PB 0x00000000fff00000| Complete  |  0

Card table byte_map: [0x000001d04e9d0000,0x000001d04edc0000] _byte_map_base: 0x000001d04e5b8000
Refinement table byte_map: [0x000001d04edc0000,0x000001d04f1b0000] _byte_map_base: 0x000001d04e9a8000

Marking Bits: (CMBitMap*) 0x000001d04287aa00
 Bits: [0x000001d04f1b0000, 0x000001d0510f0000)

Polling page: 0x000001d0405c0000

Metaspace:
Metaspace        used 42367K, committed 42816K, reserved 1114112K
 class space     used 6182K, committed 6400K, reserved 1048576K

Usage:
  Non-class:     35.34 MB used.
      Class:      6.04 MB used.
       Both:     41.37 MB used.

Virtual space:
  Non-class space:       64.00 MB reserved,      35.56 MB ( 56%) committed,  1 nodes.
      Class space:        1.00 GB reserved,       6.25 MB ( <1%) committed,  1 nodes.
             Both:        1.06 GB reserved,      41.81 MB (  4%) committed. 

Chunk freelists:
   Non-Class:  11.98 MB
       Class:  9.73 MB
        Both:  21.72 MB

MaxMetaspaceSize: unlimited
CompressedClassSpaceSize: 1.00 GB
Initial GC threshold: 21.00 MB
Current GC threshold: 59.06 MB
CDS: on
 - commit_granule_bytes: 65536.
 - commit_granule_words: 8192.
 - virtual_space_node_default_size: 8388608.
 - enlarge_chunks_in_place: 1.
UseCompressedClassPointers 1, UseCompactObjectHeaders 0
Narrow klass pointer bits 32, Max shift 3
Narrow klass base: 0x0000000035000000, Narrow klass shift: 0
Encoding Range: [0x0000000035000000 - 0x0000000135000000), (4294967296 bytes)
Klass Range:    [0x0000000035000000 - 0x0000000076000000), (1090519040 bytes)
Klass ID Range:  [8 - 1090519033) (1090519025)
Protection zone: [0x0000000035000000 - 0x0000000035010000), (65536 bytes)


Internal statistics:

num_allocs_failed_limit: 6.
num_arena_births: 506.
num_arena_deaths: 0.
num_vsnodes_births: 2.
num_vsnodes_deaths: 0.
num_space_committed: 669.
num_space_uncommitted: 0.
num_chunks_returned_to_freelist: 6.
num_chunks_taken_from_freelist: 2010.
num_chunk_merges: 6.
num_chunk_splits: 1501.
num_chunks_enlarged: 1232.
num_inconsistent_stats: 0.

CodeCache: size=49152Kb used=6282Kb max_used=6282Kb free=42869Kb
 bounds [0x000001d04b4d0000, 0x000001d04bb00000, 0x000001d04e4d0000]
 total_blobs=5176, nmethods=4565, adapters=536, full_count=0
Compilation: enabled, stopped_count=0, restarted_count=0

Compilation events (20 events):
Event: 8.407 Thread 0x000001d053ae0380 4592       1       com.mysql.cj.protocol.a.NativePacketHeader::getMessageSize (48 bytes)
Event: 8.408 Thread 0x000001d053ae0380 nmethod 4592 0x000001d04baee488 code [0x000001d04baee580, 0x000001d04baeea38]
Event: 8.408 Thread 0x000001d053ae0380 4593       1       com.mysql.cj.result.DefaultColumnDefinition::getFields (5 bytes)
Event: 8.408 Thread 0x000001d053ae0380 nmethod 4593 0x000001d04baeea88 code [0x000001d04baeeb80, 0x000001d04baeec38]
Event: 8.408 Thread 0x000001d053ae0380 4594       1       jdk.internal.util.DecimalDigits::uncheckedPutPairLatin1 (31 bytes)
Event: 8.408 Thread 0x000001d053ae0380 nmethod 4594 0x000001d04baeed88 code [0x000001d04baeee80, 0x000001d04baeef98]
Event: 8.450 Thread 0x000001d053ae0380 4595       1       java.lang.WeakPairMap::expungeStaleAssociations (31 bytes)
Event: 8.450 Thread 0x000001d053ae0380 nmethod 4595 0x000001d04baef908 code [0x000001d04baefa00, 0x000001d04baefbc0]
Event: 8.452 Thread 0x000001d053ae0380 4596       1       java.util.ImmutableCollections$ListN::<init> (15 bytes)
Event: 8.453 Thread 0x000001d053ae0380 nmethod 4596 0x000001d04baefc08 code [0x000001d04baefd00, 0x000001d04baefe08]
Event: 8.459 Thread 0x000001d053ae0380 4598       1       java.lang.invoke.InvokerBytecodeGenerator::resolveFrom (81 bytes)
Event: 8.460 Thread 0x000001d053ae0380 nmethod 4598 0x000001d04baf0a08 code [0x000001d04baf0b00, 0x000001d04baf0cd8]
Event: 8.460 Thread 0x000001d053ae0380 4599       1       java.lang.invoke.MethodHandleStatics::traceLambdaForm (96 bytes)
Event: 8.460 Thread 0x000001d053ae0380 nmethod 4599 0x000001d04baf0d08 code [0x000001d04baf0e00, 0x000001d04baf0e90]
Event: 8.461 Thread 0x000001d053ae0380 4600       1       ch.qos.logback.core.pattern.FormattingConverter::write (154 bytes)
Event: 8.462 Thread 0x000001d053ae0380 nmethod 4600 0x000001d04baf1008 code [0x000001d04baf1100, 0x000001d04baf15e8]
Event: 8.473 Thread 0x000001d053ae0380 4602       1       java.lang.reflect.Field::getModifiers (5 bytes)
Event: 8.473 Thread 0x000001d053ae0380 nmethod 4602 0x000001d04baf1c88 code [0x000001d04baf1d80, 0x000001d04baf1e38]
Event: 8.475 Thread 0x000001d053ae0380 4603       1       java.lang.reflect.Field::getType (5 bytes)
Event: 8.475 Thread 0x000001d053ae0380 nmethod 4603 0x000001d04baf1f88 code [0x000001d04baf2080, 0x000001d04baf2138]

GC Heap Usage History (20 events):
Event: 0.557 {heap Before GC invocations=3 (full 0):
 garbage-first heap   total reserved 2048000K, committed 10240K, used 6936K [0x0000000083000000, 0x0000000100000000)
  region size 1M, 1 eden (1M), 1 survivor (1M), 4 old (4M), 2 humongous (2M), 2 free (2M)
}
Event: 0.559 {heap After GC invocations=4 (full 0):
 garbage-first heap   total reserved 2048000K, committed 30720K, used 6807K [0x0000000083000000, 0x0000000100000000)
  region size 1M, 0 eden (0M), 1 survivor (1M), 4 old (4M), 2 humongous (2M), 23 free (23M)
}
Event: 1.044 {heap Before GC invocations=4 (full 0):
 garbage-first heap   total reserved 2048000K, committed 30720K, used 12951K [0x0000000083000000, 0x0000000100000000)
  region size 1M, 7 eden (7M), 1 survivor (1M), 4 old (4M), 2 humongous (2M), 16 free (16M)
}
Event: 1.048 {heap After GC invocations=5 (full 0):
 garbage-first heap   total reserved 2048000K, committed 30720K, used 7994K [0x0000000083000000, 0x0000000100000000)
  region size 1M, 0 eden (0M), 1 survivor (1M), 5 old (5M), 2 humongous (2M), 22 free (22M)
}
Event: 1.339 {heap Before GC invocations=5 (full 0):
 garbage-first heap   total reserved 2048000K, committed 30720K, used 14138K [0x0000000083000000, 0x0000000100000000)
  region size 1M, 7 eden (7M), 1 survivor (1M), 5 old (5M), 2 humongous (2M), 15 free (15M)
}
Event: 1.343 {heap After GC invocations=6 (full 0):
 garbage-first heap   total reserved 2048000K, committed 30720K, used 8888K [0x0000000083000000, 0x0000000100000000)
  region size 1M, 0 eden (0M), 1 survivor (1M), 6 old (6M), 2 humongous (2M), 21 free (21M)
}
Event: 1.560 {heap Before GC invocations=6 (full 0):
 garbage-first heap   total reserved 2048000K, committed 30720K, used 17080K [0x0000000083000000, 0x0000000100000000)
  region size 1M, 8 eden (8M), 1 survivor (1M), 6 old (6M), 2 humongous (2M), 13 free (13M)
}
Event: 1.563 {heap After GC invocations=7 (full 0):
 garbage-first heap   total reserved 2048000K, committed 30720K, used 9649K [0x0000000083000000, 0x0000000100000000)
  region size 1M, 0 eden (0M), 2 survivor (2M), 6 old (6M), 2 humongous (2M), 20 free (20M)
}
Event: 1.776 {heap Before GC invocations=7 (full 0):
 garbage-first heap   total reserved 2048000K, committed 30720K, used 20913K [0x0000000083000000, 0x0000000100000000)
  region size 1M, 11 eden (11M), 2 survivor (2M), 6 old (6M), 2 humongous (2M), 9 free (9M)
}
Event: 1.779 {heap After GC invocations=8 (full 0):
 garbage-first heap   total reserved 2048000K, committed 30720K, used 10250K [0x0000000083000000, 0x0000000100000000)
  region size 1M, 0 eden (0M), 2 survivor (2M), 7 old (7M), 2 humongous (2M), 19 free (19M)
}
Event: 1.977 {heap Before GC invocations=8 (full 0):
 garbage-first heap   total reserved 2048000K, committed 30720K, used 21514K [0x0000000083000000, 0x0000000100000000)
  region size 1M, 11 eden (11M), 2 survivor (2M), 7 old (7M), 2 humongous (2M), 8 free (8M)
}
Event: 1.981 {heap After GC invocations=9 (full 0):
 garbage-first heap   total reserved 2048000K, committed 30720K, used 11241K [0x0000000083000000, 0x0000000100000000)
  region size 1M, 0 eden (0M), 2 survivor (2M), 8 old (8M), 2 humongous (2M), 18 free (18M)
}
Event: 2.290 {heap Before GC invocations=9 (full 0):
 garbage-first heap   total reserved 2048000K, committed 30720K, used 21481K [0x0000000083000000, 0x0000000100000000)
  region size 1M, 11 eden (11M), 2 survivor (2M), 8 old (8M), 2 humongous (2M), 7 free (7M)
}
Event: 2.294 {heap After GC invocations=10 (full 0):
 garbage-first heap   total reserved 2048000K, committed 91136K, used 11932K [0x0000000083000000, 0x0000000100000000)
  region size 1M, 0 eden (0M), 2 survivor (2M), 8 old (8M), 2 humongous (2M), 77 free (77M)
}
Event: 4.870 {heap Before GC invocations=10 (full 0):
 garbage-first heap   total reserved 2048000K, committed 91136K, used 58012K [0x0000000083000000, 0x0000000100000000)
  region size 1M, 47 eden (47M), 2 survivor (2M), 8 old (8M), 2 humongous (2M), 30 free (30M)
}
Event: 4.885 {heap After GC invocations=11 (full 0):
 garbage-first heap   total reserved 2048000K, committed 91136K, used 17404K [0x0000000083000000, 0x0000000100000000)
  region size 1M, 0 eden (0M), 7 survivor (7M), 8 old (8M), 2 humongous (2M), 72 free (72M)
}
Event: 6.663 {heap Before GC invocations=12 (full 0):
 garbage-first heap   total reserved 2048000K, committed 91136K, used 64508K [0x0000000083000000, 0x0000000100000000)
  region size 1M, 46 eden (46M), 7 survivor (7M), 8 old (8M), 2 humongous (2M), 26 free (26M)
}
Event: 6.683 {heap After GC invocations=13 (full 0):
 garbage-first heap   total reserved 2048000K, committed 91136K, used 20987K [0x0000000083000000, 0x0000000100000000)
  region size 1M, 0 eden (0M), 4 survivor (4M), 15 old (15M), 2 humongous (2M), 68 free (68M)
}
Event: 7.753 {heap Before GC invocations=13 (full 0):
 garbage-first heap   total reserved 2048000K, committed 91136K, used 60923K [0x0000000083000000, 0x0000000100000000)
  region size 1M, 41 eden (41M), 4 survivor (4M), 15 old (15M), 2 humongous (2M), 27 free (27M)
}
Event: 7.759 {heap After GC invocations=14 (full 0):
 garbage-first heap   total reserved 2048000K, committed 91136K, used 23911K [0x0000000083000000, 0x0000000100000000)
  region size 1M, 0 eden (0M), 3 survivor (3M), 19 old (19M), 2 humongous (2M), 65 free (65M)
}

Metaspace Usage History (20 events):
Event: 0.557 {metaspace Before GC invocations=3 (full 0):
 Metaspace       used 253K, committed 448K, reserved 1114112K
  class space    used 8K, committed 128K, reserved 1048576K
}
Event: 0.559 {metaspace After GC invocations=4 (full 0):
 Metaspace       used 253K, committed 448K, reserved 1114112K
  class space    used 8K, committed 128K, reserved 1048576K
}
Event: 1.044 {metaspace Before GC invocations=4 (full 0):
 Metaspace       used 2559K, committed 2752K, reserved 1114112K
  class space    used 313K, committed 384K, reserved 1048576K
}
Event: 1.048 {metaspace After GC invocations=5 (full 0):
 Metaspace       used 2559K, committed 2752K, reserved 1114112K
  class space    used 313K, committed 384K, reserved 1048576K
}
Event: 1.339 {metaspace Before GC invocations=5 (full 0):
 Metaspace       used 5238K, committed 5376K, reserved 1114112K
  class space    used 685K, committed 768K, reserved 1048576K
}
Event: 1.343 {metaspace After GC invocations=6 (full 0):
 Metaspace       used 5238K, committed 5376K, reserved 1114112K
  class space    used 685K, committed 768K, reserved 1048576K
}
Event: 1.560 {metaspace Before GC invocations=6 (full 0):
 Metaspace       used 6455K, committed 6720K, reserved 1114112K
  class space    used 898K, committed 1024K, reserved 1048576K
}
Event: 1.563 {metaspace After GC invocations=7 (full 0):
 Metaspace       used 6455K, committed 6720K, reserved 1114112K
  class space    used 898K, committed 1024K, reserved 1048576K
}
Event: 1.776 {metaspace Before GC invocations=7 (full 0):
 Metaspace       used 9122K, committed 9408K, reserved 1114112K
  class space    used 1324K, committed 1472K, reserved 1048576K
}
Event: 1.779 {metaspace After GC invocations=8 (full 0):
 Metaspace       used 9122K, committed 9408K, reserved 1114112K
  class space    used 1324K, committed 1472K, reserved 1048576K
}
Event: 1.977 {metaspace Before GC invocations=8 (full 0):
 Metaspace       used 11847K, committed 12096K, reserved 1114112K
  class space    used 1802K, committed 1920K, reserved 1048576K
}
Event: 1.981 {metaspace After GC invocations=9 (full 0):
 Metaspace       used 11847K, committed 12096K, reserved 1114112K
  class space    used 1802K, committed 1920K, reserved 1048576K
}
Event: 2.290 {metaspace Before GC invocations=9 (full 0):
 Metaspace       used 14672K, committed 14912K, reserved 1114112K
  class space    used 2132K, committed 2240K, reserved 1048576K
}
Event: 2.294 {metaspace After GC invocations=10 (full 0):
 Metaspace       used 14672K, committed 14912K, reserved 1114112K
  class space    used 2132K, committed 2240K, reserved 1048576K
}
Event: 4.870 {metaspace Before GC invocations=10 (full 0):
 Metaspace       used 21277K, committed 21504K, reserved 1114112K
  class space    used 3045K, committed 3136K, reserved 1048576K
}
Event: 4.885 {metaspace After GC invocations=11 (full 0):
 Metaspace       used 21277K, committed 21504K, reserved 1114112K
  class space    used 3045K, committed 3136K, reserved 1048576K
}
Event: 6.663 {metaspace Before GC invocations=12 (full 0):
 Metaspace       used 27208K, committed 27520K, reserved 1114112K
  class space    used 4025K, committed 4160K, reserved 1048576K
}
Event: 6.683 {metaspace After GC invocations=13 (full 0):
 Metaspace       used 27208K, committed 27520K, reserved 1114112K
  class space    used 4025K, committed 4160K, reserved 1048576K
}
Event: 7.753 {metaspace Before GC invocations=13 (full 0):
 Metaspace       used 35720K, committed 36096K, reserved 1114112K
  class space    used 5251K, committed 5440K, reserved 1048576K
}
Event: 7.759 {metaspace After GC invocations=14 (full 0):
 Metaspace       used 35720K, committed 36096K, reserved 1114112K
  class space    used 5251K, committed 5440K, reserved 1048576K
}

Dll operation events (18 events):
Event: 0.011 Attempting to load shared library C:\Program Files\Java\jdk-26\bin\java.dll
Event: 0.013 Loaded shared library C:\Program Files\Java\jdk-26\bin\java.dll
Event: 0.241 Attempting to load shared library C:\Program Files\Java\jdk-26\bin\net.dll
Event: 0.241 Loaded shared library C:\Program Files\Java\jdk-26\bin\net.dll
Event: 0.244 Attempting to load shared library C:\Program Files\Java\jdk-26\bin\nio.dll
Event: 0.244 Loaded shared library C:\Program Files\Java\jdk-26\bin\nio.dll
Event: 0.260 Attempting to load shared library C:\Program Files\Java\jdk-26\bin\zip.dll
Event: 0.261 Loaded shared library C:\Program Files\Java\jdk-26\bin\zip.dll
Event: 0.670 Attempting to load shared library C:\Program Files\Java\jdk-26\bin\jimage.dll
Event: 0.670 Loaded shared library C:\Program Files\Java\jdk-26\bin\jimage.dll
Event: 2.977 Attempting to load shared library C:\Program Files\Java\jdk-26\bin\sunmscapi.dll
Event: 2.983 Loaded shared library C:\Program Files\Java\jdk-26\bin\sunmscapi.dll
Event: 6.884 Attempting to load shared library C:\Program Files\Java\jdk-26\bin\management.dll
Event: 6.885 Loaded shared library C:\Program Files\Java\jdk-26\bin\management.dll
Event: 6.887 Attempting to load shared library C:\Program Files\Java\jdk-26\bin\management_ext.dll
Event: 6.888 Loaded shared library C:\Program Files\Java\jdk-26\bin\management_ext.dll
Event: 8.089 Attempting to load shared library C:\Program Files\Java\jdk-26\bin\extnet.dll
Event: 8.090 Loaded shared library C:\Program Files\Java\jdk-26\bin\extnet.dll

Deoptimization events (6 events):
Event: 1.490 Thread 0x000001d04036f5b0 DEOPT PACKING pc=0x000001d04b7458ac sp=0x000000a8a8afcaf0
Event: 1.490 Thread 0x000001d04036f5b0 DEOPT UNPACKING pc=0x000001d04b521a02 sp=0x000000a8a8afbfe8 mode 0
Event: 7.060 Thread 0x000001d0584ce8e0 DEOPT PACKING pc=0x000001d04b837551 sp=0x000000a8aa0ff150
Event: 7.060 Thread 0x000001d0584ce8e0 DEOPT UNPACKING pc=0x000001d04b521a02 sp=0x000000a8aa0fe5a8 mode 3
Event: 7.060 Thread 0x000001d0584f2010 DEOPT PACKING pc=0x000001d04b7d52d6 sp=0x000000a8aa5ff010
Event: 7.060 Thread 0x000001d0584f2010 DEOPT UNPACKING pc=0x000001d04b521a02 sp=0x000000a8aa5fe4a8 mode 3

Classes loaded (20 events):
Event: 8.255 Loading class java/util/concurrent/atomic/AtomicReferenceFieldUpdater
Event: 8.256 Loading class java/util/concurrent/atomic/AtomicReferenceFieldUpdater done
Event: 8.256 Loading class java/util/concurrent/atomic/AtomicReferenceFieldUpdater$AtomicReferenceFieldUpdaterImpl
Event: 8.256 Loading class java/util/concurrent/atomic/AtomicReferenceFieldUpdater$AtomicReferenceFieldUpdaterImpl done
Event: 8.267 Loading class java/util/TreeMap$KeySpliterator
Event: 8.267 Loading class java/util/TreeMap$TreeMapSpliterator
Event: 8.267 Loading class java/util/TreeMap$TreeMapSpliterator done
Event: 8.267 Loading class java/util/TreeMap$KeySpliterator done
Event: 8.327 Loading class java/util/TimerTask
Event: 8.327 Loading class java/util/TimerTask done
Event: 8.390 Loading class java/util/Formatter$FormatSpecifierParser
Event: 8.391 Loading class java/util/Formatter$FormatSpecifierParser done
Event: 8.401 Loading class java/util/regex/Pattern$1MatcherIterator
Event: 8.402 Loading class java/util/regex/Pattern$1MatcherIterator done
Event: 8.441 Loading class java/lang/StringIndexOutOfBoundsException
Event: 8.442 Loading class java/lang/StringIndexOutOfBoundsException done
Event: 8.442 Loading class java/io/CharArrayWriter
Event: 8.443 Loading class java/io/CharArrayWriter done
Event: 8.472 Loading class jdk/internal/reflect/MethodHandleIntegerFieldAccessorImpl
Event: 8.472 Loading class jdk/internal/reflect/MethodHandleIntegerFieldAccessorImpl done

Classes unloaded (0 events):
No events

Classes redefined (0 events):
No events

Internal exceptions (20 events):
Event: 6.564 Thread 0x000001d04036f5b0 Exception <a 'java/lang/IncompatibleClassChangeError'{0x00000000861ef618}: Found class java.lang.Object, but interface was expected> (0x00000000861ef618) 
thrown [s\open\src\hotspot\share\interpreter\linkResolver.cpp, line 871]
Event: 6.571 Thread 0x000001d04036f5b0 Exception <a 'java/lang/NoSuchMethodError'{0x00000000860aeab0}: 'void java.lang.invoke.DirectMethodHandle$Holder.invokeStatic(java.lang.Object, java.lang.Object, java.lang.Object, int, java.lang.Object)'> (0x00000000860aeab0) 
thrown [s\open\src\hotspot\share\interpreter\linkResolver.cpp, line 804]
Event: 6.718 Thread 0x000001d04036f5b0 Exception <a 'java/lang/NoSuchMethodError'{0x00000000fff55200}: 'java.lang.Object java.lang.invoke.DirectMethodHandle$Holder.invokeStaticInit(java.lang.Object, java.lang.Object, int, int, int, int)'> (0x00000000fff55200) 
thrown [s\open\src\hotspot\share\interpreter\linkResolver.cpp, line 804]
Event: 6.855 Thread 0x000001d04036f5b0 Exception <a 'java/lang/NoSuchMethodError'{0x000000008830d7b0}: 'int java.lang.invoke.DirectMethodHandle$Holder.invokeVirtual(java.lang.Object, java.lang.Object, java.lang.Object, java.lang.Object)'> (0x000000008830d7b0) 
thrown [s\open\src\hotspot\share\interpreter\linkResolver.cpp, line 804]
Event: 6.905 Thread 0x000001d04036f5b0 Exception <a 'java/io/FileNotFoundException'{0x0000000088228d48}> (0x0000000088228d48) 
thrown [s\open\src\hotspot\share\prims\jni.cpp, line 514]
Event: 6.960 Thread 0x000001d04036f5b0 Exception <a 'java/lang/NoSuchMethodError'{0x0000000088036510}: 'int java.lang.invoke.DirectMethodHandle$Holder.invokeInterface(java.lang.Object, java.lang.Object, java.lang.Object, java.lang.Object)'> (0x0000000088036510) 
thrown [s\open\src\hotspot\share\interpreter\linkResolver.cpp, line 804]
Event: 6.990 Thread 0x000001d04036f5b0 Exception <a 'java/lang/NoSuchMethodError'{0x0000000087fe7ba8}: 'void java.lang.invoke.Invokers$Holder.invokeExact_MT(java.lang.Object, java.lang.Object, java.lang.Object, java.lang.Object)'> (0x0000000087fe7ba8) 
thrown [s\open\src\hotspot\share\interpreter\linkResolver.cpp, line 804]
Event: 6.991 Thread 0x000001d04036f5b0 Exception <a 'java/lang/NoSuchMethodError'{0x0000000087ffb790}: 'long java.lang.invoke.DelegatingMethodHandle$Holder.reinvoke_L(java.lang.Object, java.lang.Object)'> (0x0000000087ffb790) 
thrown [s\open\src\hotspot\share\interpreter\linkResolver.cpp, line 804]
Event: 6.992 Thread 0x000001d04036f5b0 Exception <a 'java/lang/NoSuchMethodError'{0x0000000087e14040}: 'void java.lang.invoke.DelegatingMethodHandle$Holder.reinvoke_L(java.lang.Object, java.lang.Object, long)'> (0x0000000087e14040) 
thrown [s\open\src\hotspot\share\interpreter\linkResolver.cpp, line 804]
Event: 7.045 Thread 0x000001d04036f5b0 Exception <a 'java/lang/NoSuchMethodError'{0x0000000087cde698}: 'long java.lang.invoke.DirectMethodHandle$Holder.invokeVirtual(java.lang.Object, java.lang.Object)'> (0x0000000087cde698) 
thrown [s\open\src\hotspot\share\interpreter\linkResolver.cpp, line 804]
Event: 7.077 Thread 0x000001d04036f5b0 Exception <a 'java/lang/NoSuchMethodError'{0x000000008793dce8}: 'void java.lang.invoke.DirectMethodHandle$Holder.invokeVirtual(java.lang.Object, java.lang.Object, long)'> (0x000000008793dce8) 
thrown [s\open\src\hotspot\share\interpreter\linkResolver.cpp, line 804]
Event: 7.143 Thread 0x000001d04036f5b0 Exception <a 'java/lang/NoSuchMethodError'{0x00000000875afc20}: 'java.lang.Object java.lang.invoke.DirectMethodHandle$Holder.newInvokeSpecial(java.lang.Object, java.lang.Object, java.lang.Object, java.lang.Object, java.lang.Object, java.lang.Object, java.lang.Object, java.lang.Object, java.lang.Object, java.lang.Object, java.lang.Object, java.lang.Object)'> (0x00000000875afc20) 
thrown [s\open\src\hotspot\share\interpreter\linkResolver.cpp, line 804]
Event: 7.145 Thread 0x000001d04036f5b0 Exception <a 'java/lang/NoSuchMethodError'{0x00000000875f4880}: 'java.lang.Object java.lang.invoke.DirectMethodHandle$Holder.invokeStatic(java.lang.Object, java.lang.Object, java.lang.Object, java.lang.Object, java.lang.Object, java.lang.Object, java.lang.Object, java.lang.Object, java.lang.Object)'> (0x00000000875f4880) 
thrown [s\open\src\hotspot\share\interpreter\linkResolver.cpp, line 804]
Event: 7.256 Thread 0x000001d04036f5b0 Exception <a 'java/lang/NoSuchMethodError'{0x00000000870e99a0}: 'void java.lang.invoke.DelegatingMethodHandle$Holder.reinvoke_L(java.lang.Object, java.lang.Object, java.lang.Object, java.lang.Object, int, java.lang.Object, java.lang.Object, java.lang.Object)'> (0x00000000870e99a0) 
thrown [s\open\src\hotspot\share\interpreter\linkResolver.cpp, line 804]
Event: 7.258 Thread 0x000001d04036f5b0 Exception <a 'java/lang/NoSuchMethodError'{0x0000000086f3da68}: 'java.lang.Object java.lang.invoke.DirectMethodHandle$Holder.invokeStatic(java.lang.Object, java.lang.Object, java.lang.Object, java.lang.Object, java.lang.Object, java.lang.Object, java.lang.Object, java.lang.Object, java.lang.Object, java.lang.Object)'> (0x0000000086f3da68) 
thrown [s\open\src\hotspot\share\interpreter\linkResolver.cpp, line 804]
Event: 7.967 Thread 0x000001d04036f5b0 Exception <a 'java/lang/NoSuchMethodError'{0x000000008805d858}: 'int java.lang.invoke.DirectMethodHandle$Holder.invokeStatic(java.lang.Object)'> (0x000000008805d858) 
thrown [s\open\src\hotspot\share\interpreter\linkResolver.cpp, line 804]
Event: 8.357 Thread 0x000001d059662d50 Exception <a 'java/lang/NoSuchMethodError'{0x0000000087680ac0}: 'int java.lang.invoke.DirectMethodHandle$Holder.invokeStatic(java.lang.Object, int, java.lang.Object)'> (0x0000000087680ac0) 
thrown [s\open\src\hotspot\share\interpreter\linkResolver.cpp, line 804]
Event: 8.389 Thread 0x000001d04036f5b0 Exception <a 'java/lang/NoSuchMethodError'{0x00000000873c4cc0}: 'java.lang.Object java.lang.invoke.DelegatingMethodHandle$Holder.reinvoke_L(java.lang.Object, java.lang.Object, int, int, int)'> (0x00000000873c4cc0) 
thrown [s\open\src\hotspot\share\interpreter\linkResolver.cpp, line 804]
Event: 8.447 Thread 0x000001d04036f5b0 Exception <a 'java/lang/NoSuchMethodError'{0x00000000872640b8}: 'java.lang.Object java.lang.invoke.DirectMethodHandle$Holder.invokeStaticInit(java.lang.Object, java.lang.Object, java.lang.Object, java.lang.Object)'> (0x00000000872640b8) 
thrown [s\open\src\hotspot\share\interpreter\linkResolver.cpp, line 804]
Event: 8.472 Thread 0x000001d04036f5b0 Exception <a 'java/lang/NoSuchMethodError'{0x000000008712da10}: 'int java.lang.invoke.Invokers$Holder.invokeExact_MT(java.lang.Object, java.lang.Object)'> (0x000000008712da10) 
thrown [s\open\src\hotspot\share\interpreter\linkResolver.cpp, line 804]

VM Operations (20 events):
Event: 6.840 Executing non-safepoint VM operation: HandshakeAllThreads (Deoptimize)
Event: 6.840 Executing non-safepoint VM operation: HandshakeAllThreads (Deoptimize) done
Event: 6.842 Executing non-safepoint VM operation: HandshakeAllThreads (Deoptimize)
Event: 6.842 Executing non-safepoint VM operation: HandshakeAllThreads (Deoptimize) done
Event: 6.899 Executing non-safepoint VM operation: HandshakeAllThreads (Deoptimize)
Event: 6.899 Executing non-safepoint VM operation: HandshakeAllThreads (Deoptimize) done
Event: 6.934 Executing non-safepoint VM operation: HandshakeAllThreads (Deoptimize)
Event: 6.934 Executing non-safepoint VM operation: HandshakeAllThreads (Deoptimize) done
Event: 7.018 Executing non-safepoint VM operation: HandshakeAllThreads (Deoptimize)
Event: 7.018 Executing non-safepoint VM operation: HandshakeAllThreads (Deoptimize) done
Event: 7.054 Executing non-safepoint VM operation: HandshakeAllThreads (Deoptimize)
Event: 7.054 Executing non-safepoint VM operation: HandshakeAllThreads (Deoptimize) done
Event: 7.328 Executing non-safepoint VM operation: HandshakeAllThreads (Deoptimize)
Event: 7.328 Executing non-safepoint VM operation: HandshakeAllThreads (Deoptimize) done
Event: 7.753 Executing safepoint VM operation: CollectForMetadataAllocation (Metadata GC Threshold)
Event: 7.759 Executing safepoint VM operation: CollectForMetadataAllocation (Metadata GC Threshold) done
Event: 7.777 Executing safepoint VM operation: G1PauseRemark
Event: 7.779 Executing safepoint VM operation: G1PauseRemark done
Event: 7.787 Executing safepoint VM operation: G1PauseCleanup
Event: 7.787 Executing safepoint VM operation: G1PauseCleanup done

Memory protections (0 events):
No events

Nmethod flushes (20 events):
Event: 7.778 Thread 0x000001d053ac15a0 flushing  nmethod 0x000001d04b621e88
Event: 7.778 Thread 0x000001d053ac15a0 flushing  nmethod 0x000001d04b622488
Event: 7.778 Thread 0x000001d053ac15a0 flushing  nmethod 0x000001d04b76b508
Event: 7.778 Thread 0x000001d053ac15a0 flushing  nmethod 0x000001d04b76b808
Event: 7.778 Thread 0x000001d053ac15a0 flushing  nmethod 0x000001d04b784808
Event: 7.778 Thread 0x000001d053ac15a0 flushing  nmethod 0x000001d04b616888
Event: 7.778 Thread 0x000001d053ac15a0 flushing  nmethod 0x000001d04b73d188
Event: 7.778 Thread 0x000001d053ac15a0 flushing  nmethod 0x000001d04b87b688
Event: 7.778 Thread 0x000001d053ac15a0 flushing  nmethod 0x000001d04b668588
Event: 7.778 Thread 0x000001d053ac15a0 flushing  nmethod 0x000001d04b7de808
Event: 7.778 Thread 0x000001d053ac15a0 flushing  nmethod 0x000001d04b61c188
Event: 7.778 Thread 0x000001d053ac15a0 flushing  nmethod 0x000001d04b61cd88
Event: 7.778 Thread 0x000001d053ac15a0 flushing  nmethod 0x000001d04b61d088
Event: 7.778 Thread 0x000001d053ac15a0 flushing  nmethod 0x000001d04b61d408
Event: 7.778 Thread 0x000001d053ac15a0 flushing  nmethod 0x000001d04b61d708
Event: 7.778 Thread 0x000001d053ac15a0 flushing  nmethod 0x000001d04b743188
Event: 7.778 Thread 0x000001d053ac15a0 flushing  nmethod 0x000001d04b745608
Event: 7.778 Thread 0x000001d053ac15a0 flushing  nmethod 0x000001d04b745a08
Event: 7.778 Thread 0x000001d053ac15a0 flushing  nmethod 0x000001d04b77ca08
Event: 7.778 Thread 0x000001d053ac15a0 flushing  nmethod 0x000001d04b8a9488

Events (20 events):
Event: 0.068 Thread 0x000001d04036f5b0 Thread added: 0x000001d04036f5b0
Event: 0.095 Thread 0x000001d04036f5b0 Thread added: 0x000001d053ad29c0
Event: 0.095 Thread 0x000001d04036f5b0 Thread added: 0x000001d053ad3570
Event: 0.095 Thread 0x000001d04036f5b0 Thread added: 0x000001d053ad9c70
Event: 0.095 Thread 0x000001d04036f5b0 Thread added: 0x000001d053adade0
Event: 0.095 Thread 0x000001d04036f5b0 Thread added: 0x000001d053adb990
Event: 0.096 Thread 0x000001d04036f5b0 Thread added: 0x000001d053adf030
Event: 0.096 Thread 0x000001d04036f5b0 Thread added: 0x000001d053ae0380
Event: 0.219 Thread 0x000001d04036f5b0 Thread added: 0x000001d053aad860
Event: 0.228 Thread 0x000001d04036f5b0 Thread added: 0x000001d053b6e360
Event: 1.695 Thread 0x000001d04036f5b0 Thread added: 0x000001d058bdaaa0
Event: 3.021 Thread 0x000001d058bdaaa0 Thread exited: 0x000001d058bdaaa0
Event: 3.891 Thread 0x000001d04036f5b0 Thread added: 0x000001d0590e4700
Event: 3.982 Thread 0x000001d0590e4700 Thread exited: 0x000001d0590e4700
Event: 7.058 Thread 0x000001d04036f5b0 Thread added: 0x000001d0584ce8e0
Event: 7.059 Thread 0x000001d0584ce8e0 Thread added: 0x000001d0584f2010
Event: 7.065 Thread 0x000001d04036f5b0 Thread added: 0x000001d0584f27c0
Event: 7.115 Thread 0x000001d04036f5b0 Thread added: 0x000001d05856f490
Event: 8.253 Thread 0x000001d04036f5b0 Thread added: 0x000001d059662d50
Event: 8.358 Thread 0x000001d059662d50 Thread added: 0x000001d0597297e0


Dynamic libraries:
0x00007ff7beee0000 - 0x00007ff7beef0000 	C:\Program Files\Java\jdk-26\bin\java.exe
0x00007fff76400000 - 0x00007fff76667000 	C:\WINDOWS\SYSTEM32\ntdll.dll
0x00007fff756b0000 - 0x00007fff7577b000 	C:\WINDOWS\System32\KERNEL32.DLL
0x00007fff73600000 - 0x00007fff73a02000 	C:\WINDOWS\System32\KERNELBASE.dll
0x00007fff73a10000 - 0x00007fff73b5c000 	C:\WINDOWS\System32\ucrtbase.dll
0x00007fff3dc20000 - 0x00007fff3dc3e000 	C:\Program Files\Java\jdk-26\bin\VCRUNTIME140.dll
0x00007fff6d480000 - 0x00007fff6d497000 	C:\Program Files\Java\jdk-26\bin\jli.dll
0x00007fff75960000 - 0x00007fff75b2f000 	C:\WINDOWS\System32\USER32.dll
0x00007fff50960000 - 0x00007fff50bf0000 	C:\WINDOWS\WinSxS\amd64_microsoft.windows.common-controls_6595b64144ccf1df_6.0.26100.9278_none_3e0d1ba8e3303201\COMCTL32.dll
0x00007fff740f0000 - 0x00007fff74117000 	C:\WINDOWS\System32\win32u.dll
0x00007fff76240000 - 0x00007fff762e9000 	C:\WINDOWS\System32\msvcrt.dll
0x00007fff76210000 - 0x00007fff7623b000 	C:\WINDOWS\System32\GDI32.dll
0x00007fff73e30000 - 0x00007fff73f59000 	C:\WINDOWS\System32\gdi32full.dll
0x00007fff73cc0000 - 0x00007fff73d63000 	C:\WINDOWS\System32\msvcp_win.dll
0x00007fff75920000 - 0x00007fff75951000 	C:\WINDOWS\System32\IMM32.DLL
0x00007fff4bc40000 - 0x00007fff4bc4c000 	C:\Program Files\Java\jdk-26\bin\vcruntime140_1.dll
0x00007fff008a0000 - 0x00007fff0092d000 	C:\Program Files\Java\jdk-26\bin\msvcp140.dll
0x00007ffea2af0000 - 0x00007ffea39be000 	C:\Program Files\Java\jdk-26\bin\server\jvm.dll
0x00007fff74120000 - 0x00007fff741dc000 	C:\WINDOWS\System32\ADVAPI32.dll
0x00007fff75b40000 - 0x00007fff75be9000 	C:\WINDOWS\System32\sechost.dll
0x00007fff74500000 - 0x00007fff74618000 	C:\WINDOWS\System32\RPCRT4.dll
0x00007fff75050000 - 0x00007fff750d0000 	C:\WINDOWS\System32\WS2_32.dll
0x00007fff73460000 - 0x00007fff734be000 	C:\WINDOWS\SYSTEM32\POWRPROF.dll
0x00007fff5a0a0000 - 0x00007fff5a0d6000 	C:\WINDOWS\SYSTEM32\WINMM.dll
0x00007fff66a70000 - 0x00007fff66a7b000 	C:\WINDOWS\SYSTEM32\VERSION.dll
0x00007fff73440000 - 0x00007fff73455000 	C:\WINDOWS\SYSTEM32\UMPDC.dll
0x00007fff72290000 - 0x00007fff722ab000 	C:\WINDOWS\SYSTEM32\kernel.appcore.dll
0x00007fff47c20000 - 0x00007fff47c2a000 	C:\Program Files\Java\jdk-26\bin\jimage.dll
0x00007fff70ac0000 - 0x00007fff70d0c000 	C:\WINDOWS\SYSTEM32\DBGHELP.DLL
0x00007fff75320000 - 0x00007fff756a5000 	C:\WINDOWS\System32\combase.dll
0x00007fff746b0000 - 0x00007fff74789000 	C:\WINDOWS\System32\OLEAUT32.dll
0x00007fff6d9f0000 - 0x00007fff6da2b000 	C:\WINDOWS\SYSTEM32\dbgcore.DLL
0x00007fff73d70000 - 0x00007fff73e1c000 	C:\WINDOWS\System32\bcryptPrimitives.dll
0x00007fff3db70000 - 0x00007fff3db8f000 	C:\Program Files\Java\jdk-26\bin\java.dll
0x00007fff741f0000 - 0x00007fff7438a000 	C:\WINDOWS\System32\ole32.dll
0x00007fff74790000 - 0x00007fff74f28000 	C:\WINDOWS\System32\SHELL32.dll
0x00007fff71040000 - 0x00007fff718ee000 	C:\WINDOWS\SYSTEM32\windows.storage.dll
0x00007fff760a0000 - 0x00007fff7619b000 	C:\WINDOWS\System32\SHCORE.dll
0x00007fff761a0000 - 0x00007fff76206000 	C:\WINDOWS\System32\shlwapi.dll
0x00007fff73520000 - 0x00007fff73549000 	C:\WINDOWS\SYSTEM32\profapi.dll
0x00007fff38640000 - 0x00007fff38652000 	C:\Program Files\Java\jdk-26\bin\net.dll
0x00007fff72830000 - 0x00007fff7289c000 	C:\WINDOWS\system32\mswsock.dll
0x00007fff1bb80000 - 0x00007fff1bb96000 	C:\Program Files\Java\jdk-26\bin\nio.dll
0x00007fff0e8f0000 - 0x00007fff0e907000 	C:\Program Files\Java\jdk-26\bin\zip.dll
0x00007fff6e200000 - 0x00007fff6e20e000 	C:\Program Files\Java\jdk-26\bin\sunmscapi.dll
0x00007fff73f60000 - 0x00007fff740de000 	C:\WINDOWS\System32\CRYPT32.dll
0x00007fff72dc0000 - 0x00007fff72df0000 	C:\WINDOWS\SYSTEM32\ncrypt.dll
0x00007fff72d70000 - 0x00007fff72daf000 	C:\WINDOWS\SYSTEM32\NTASN1.dll
0x00007fff72c50000 - 0x00007fff72c6b000 	C:\WINDOWS\SYSTEM32\CRYPTSP.dll
0x00007fff721f0000 - 0x00007fff72229000 	C:\WINDOWS\system32\rsaenh.dll
0x00007fff728e0000 - 0x00007fff72914000 	C:\WINDOWS\SYSTEM32\USERENV.dll
0x00007fff734f0000 - 0x00007fff7351a000 	C:\WINDOWS\SYSTEM32\bcrypt.dll
0x00007fff72a90000 - 0x00007fff72a9c000 	C:\WINDOWS\SYSTEM32\CRYPTBASE.dll
0x00007fff71c90000 - 0x00007fff71cc3000 	C:\WINDOWS\SYSTEM32\IPHLPAPI.DLL
0x00007fff75880000 - 0x00007fff7588a000 	C:\WINDOWS\System32\NSI.dll
0x00007fff0e390000 - 0x00007fff0e39a000 	C:\Program Files\Java\jdk-26\bin\management.dll
0x00007fff0dc20000 - 0x00007fff0dc2c000 	C:\Program Files\Java\jdk-26\bin\management_ext.dll
0x00007fff752c0000 - 0x00007fff752c8000 	C:\WINDOWS\System32\PSAPI.DLL
0x00007fff71d30000 - 0x00007fff71e88000 	C:\WINDOWS\SYSTEM32\DNSAPI.dll
0x00007fff725e0000 - 0x00007fff725ed000 	C:\WINDOWS\SYSTEM32\DSPARSE.dll
0x00007fff647a0000 - 0x00007fff647ab000 	C:\Windows\System32\rasadhlp.dll
0x00007fff65070000 - 0x00007fff650f6000 	C:\WINDOWS\System32\fwpuclnt.dll
0x00007fff3dc10000 - 0x00007fff3dc19000 	C:\Program Files\Java\jdk-26\bin\extnet.dll

JVMTI agents: none

dbghelp: loaded successfully - version: 4.0.5 - missing functions: none
symbol engine: initialized successfully - sym options: 0x614 - pdb path: .;C:\Program Files\Java\jdk-26\bin;C:\WINDOWS\SYSTEM32;C:\WINDOWS\WinSxS\amd64_microsoft.windows.common-controls_6595b64144ccf1df_6.0.26100.9278_none_3e0d1ba8e3303201;C:\Program Files\Java\jdk-26\bin\server

VM Arguments:
jvm_args: -XX:TieredStopAtLevel=1 
java_command: com.opportunity.school.OpportunitySchoolApplication
java_class_path (initial): C:\Users\Admin\OneDrive\Desktop\OES website\OPPORTUNITY MANAGEMENT SYSTEM\target\classes;C:\Users\Admin\.m2\repository\org\springframework\boot\spring-boot\3.5.16\spring-boot-3.5.16.jar;C:\Users\Admin\.m2\repository\org\springframework\boot\spring-boot-autoconfigure\3.5.16\spring-boot-autoconfigure-3.5.16.jar;C:\Users\Admin\.m2\repository\ch\qos\logback\logback-classic\1.5.34\logback-classic-1.5.34.jar;C:\Users\Admin\.m2\repository\ch\qos\logback\logback-core\1.5.34\logback-core-1.5.34.jar;C:\Users\Admin\.m2\repository\org\apache\logging\log4j\log4j-to-slf4j\2.24.3\log4j-to-slf4j-2.24.3.jar;C:\Users\Admin\.m2\repository\org\apache\logging\log4j\log4j-api\2.24.3\log4j-api-2.24.3.jar;C:\Users\Admin\.m2\repository\org\slf4j\jul-to-slf4j\2.0.18\jul-to-slf4j-2.0.18.jar;C:\Users\Admin\.m2\repository\jakarta\annotation\jakarta.annotation-api\2.1.1\jakarta.annotation-api-2.1.1.jar;C:\Users\Admin\.m2\repository\org\yaml\snakeyaml\2.4\snakeyaml-2.4.jar;C:\Users\Admin\.m2\repository\com\fasterxml\jackson\datatype\jackson-datatype-jdk8\2.21.4\jackson-datatype-jdk8-2.21.4.jar;C:\Users\Admin\.m2\repository\com\fasterxml\jackson\datatype\jackson-datatype-jsr310\2.21.4\jackson-datatype-jsr310-2.21.4.jar;C:\Users\Admin\.m2\repository\com\fasterxml\jackson\module\jackson-module-parameter-names\2.21.4\jackson-module-parameter-names-2.21.4.jar;C:\Users\Admin\.m2\repository\org\apache\tomcat\embed\tomcat-embed-core\10.1.55\tomcat-embed-core-10.1.55.jar;C:\Users\Admin\.m2\repository\org\apache\tomcat\embed\tomcat-embed-websocket\10.1.55\tomcat-embed-websocket-10.1.55.jar;C:\Users\Admin\.m2\repository\org\springframework\spring-web\6.2.19\spring-web-6.2.19.jar;C:\Users\Admin\.m2\repository\org\springframework\spring-beans\6.2.19\spring-beans-6.2.19.jar;C:\Users\Admin\.m2\repository\io\micrometer\micrometer-observation\1.15.12\micrometer-observation-1.15.12.jar;C:\Users\Admin\.m2\repository\io\micrometer\micrometer-commons\1.15.12\micrometer-commons-1.15.12.jar;C:\Users\Admin\.m2\repository\org\springframework\spring-webmvc\6.2.19\spring-webmvc-6.2.19.jar;C:\Users\Admin\.m2\repository\org\springframework\spring-context\6.2.19\spring-context-6.2.19.jar;C:\Users\Admin\.m2\repository\org\springframework\spring-expression\6.2.19\spring-expression-6.2.19.jar;C:\Users\Admin\.m2\repository\com\zaxxer\HikariCP\6.3.3\HikariCP-6.3.3.jar;C:\Users\Admin\.m2\repository\org\springframework\spring-jdbc\6.2.19\spring-jdbc-6.2.19.jar;C:\Users\Admin\.m2\repository\org\hibernate\orm\hibernate-core\6.6.53.Final\hibernate-core-6.6.53.Final.jar;C:\Users\Admin\.m2\repository\jakarta\persistence\jakarta.persistence-api\3.1.0\jakarta.persistence-api-3.1.0.jar;C:\Users\Admin\.m2\repository\jakarta\transaction\jakarta.transaction-api\2.0.1\jakarta.transaction-api-2.0.1.jar;C:\Users\Admin\.m2\repository\org\jboss\logging\jboss-logging\3.6.3.Final\jboss-logging-3.6.3.Final.jar;C:\Users\Admin\.m2\repository\org\hibernate\common\hibernate-commons-annotations\7.0.3.Final\hibernate-commons-annotations-7.0.3.Final.jar;C:\Users\Admin\.m2\repository\io\smallrye\jandex\3.2.0\jandex-3.2.0.jar;C:\Users\Admin\.m2\repository\com\fasterxml\classmate\1.7.3\classmate-1.7.3.jar;C:\Users\Admin\.m2\repository\net\bytebuddy\byte-buddy\1.17.8\byte-buddy-1.17.8.jar;C:\Users\Admin\.m2\repository\org\glassfish\jaxb\jaxb-runtime\4.0.9\jaxb-runtime-4.0.9.jar;C:\Users\Admin\.m2\repository\org\glassfish\jaxb\jaxb-core\4.0.9\jaxb-core-4.0.9.jar;C:\Users\Admin\.m2\repository\org\eclipse\angus\angus-activation\2.0.3\angus-activation-2.0.3.jar;C:\Users\Admin\.m2\repository\org\glassfish\jaxb\txw2\4.0.9\txw2-4.0.9.jar;C:\Users\Admin\.m2\repository\com\sun\istack\istack-commons-runtime\4.1.2\istack-commons-runtime-4.1.2.jar;C:\Users\Admin\.m2\repository\jakarta\inject\jakarta.inject-api\2.0.1\jakarta.inject-api-2.0.1.jar;C:\Users\Admin\.m2\repository\org\antlr\antlr4-runtime\4.13.2\antlr4-runtime-4.13.2.jar;C:\Users\Admin\.m2\repository\org\springframework\data\spring-data-jpa\3.5.13\spring-data-jpa-3.5.13.jar;C:\Users\Admin\.m2\repository\org\springframework\data\spring-data-commons\3.5.13\spring-data-commons-3.5.13.jar;C:\Users\Admin\.m2\repository\org\springframework\spring-orm\6.2.19\spring-orm-6.2.19.jar;C:\Users\Admin\.m2\repository\org\springframework\spring-tx\6.2.19\spring-tx-6.2.19.jar;C:\Users\Admin\.m2\repository\org\slf4j\slf4j-api\2.0.18\slf4j-api-2.0.18.jar;C:\Users\Admin\.m2\repository\org\springframework\spring-aspects\6.2.19\spring-aspects-6.2.19.jar;C:\Users\Admin\.m2\repository\org\aspectj\aspectjweaver\1.9.25.1\aspectjweaver-1.9.25.1.jar;C:\Users\Admin\.m2\repository\org\springframework\spring-aop\6.2.19\spring-aop-6.2.19.jar;C:\Users\Admin\.m2\repository\org\springframework\security\spring-security-config\6.5.11\spring-security-config-6.5.11.jar;C:\Users\Admin\.m2\repository\org\springframework\security\spring-security-web\6.5.11\spring-security-web-6.5.11.jar;C:\Users\Admin\.m2\repository\org\apache\tomcat\embed\tomcat-embed-el\10.1.55\tomcat-embed-el-10.1.55.jar;C:\Users\Admin\.m2\repository\org\hibernate\validator\hibernate-validator\8.0.3.Final\hibernate-validator-8.0.3.Final.jar;C:\Users\Admin\.m2\repository\jakarta\validation\jakarta.validation-api\3.0.2\jakarta.validation-api-3.0.2.jar;C:\Users\Admin\.m2\repository\com\mysql\mysql-connector-j\9.7.0\mysql-connector-j-9.7.0.jar;C:\Users\Admin\.m2\repository\io\jsonwebtoken\jjwt-api\0.12.6\jjwt-api-0.12.6.jar;C:\Users\Admin\.m2\repository\io\jsonwebtoken\jjwt-impl\0.12.6\jjwt-impl-0.12.6.jar;C:\Users\Admin\.m2\repository\io\jsonwebtoken\jjwt-jackson\0.12.6\jjwt-jackson-0.12.6.jar;C:\Users\Admin\.m2\repository\com\fasterxml\jackson\core\jackson-databind\2.21.4\jackson-databind-2.21.4.jar;C:\Users\Admin\.m2\repository\com\fasterxml\jackson\core\jackson-annotations\2.21\jackson-annotations-2.21.jar;C:\Users\Admin\.m2\repository\com\fasterxml\jackson\core\jackson-core\2.21.4\jackson-core-2.21.4.jar;C:\Users\Admin\.m2\repository\jakarta\xml\bind\jakarta.xml.bind-api\4.0.5\jakarta.xml.bind-api-4.0.5.jar;C:\Users\Admin\.m2\repository\jakarta\activation\jakarta.activation-api\2.1.4\jakarta.activation-api-2.1.4.jar;C:\Users\Admin\.m2\repository\org\springframework\spring-core\6.2.19\spring-core-6.2.19.jar;C:\Users\Admin\.m2\repository\org\springframework\spring-jcl\6.2.19\spring-jcl-6.2.19.jar;C:\Users\Admin\.m2\repository\org\springframework\security\spring-security-core\6.5.11\spring-security-core-6.5.11.jar;C:\Users\Admin\.m2\repository\org\springframework\security\spring-security-crypto\6.5.11\spring-security-crypto-6.5.11.jar
Launcher Type: SUN_STANDARD

[Global flags]
     bool AOTAdapterCaching                        = false                                  {diagnostic} {ergonomic}
     bool AOTInvokeDynamicLinking                  = false                                  {diagnostic} {ergonomic}
     bool AOTRecordTraining                        = false                                  {diagnostic} {ergonomic}
     bool AOTReplayTraining                        = false                                  {diagnostic} {ergonomic}
     bool AOTStubCaching                           = false                                  {diagnostic} {ergonomic}
     intx CICompilerCount                          = 4                                         {product} {ergonomic}
     uint ConcGCThreads                            = 2                                         {product} {ergonomic}
     uint G1ConcRefinementThreads                  = 8                                         {product} {ergonomic}
     uint G1EagerReclaimRemSetThreshold            = 10                                   {experimental} {ergonomic}
   size_t G1HeapRegionSize                         = 1048576                                   {product} {ergonomic}
     uint G1RemSetArrayOfCardsEntries              = 10                                   {experimental} {ergonomic}
     uint G1RemSetHowlMaxNumBuckets                = 8                                    {experimental} {ergonomic}
     uint G1RemSetHowlNumBuckets                   = 4                                    {experimental} {ergonomic}
   size_t InitialHeapSize                          = 8388608                                   {product} {ergonomic}
     bool IntelJccErratumMitigation                = true                              {ARCH diagnostic} {ergonomic}
   size_t MarkStackSize                            = 4194304                                   {product} {ergonomic}
   size_t MarkStackSizeMax                         = 536870912                                 {product} {ergonomic}
   size_t MaxHeapSize                              = 2097152000                                {product} {ergonomic}
   size_t MaxNewSize                               = 1258291200                                {product} {ergonomic}
 uint64_t MaxRAM                                   = 8386805760                                {product} {ergonomic}
   size_t MinHeapDeltaBytes                        = 1048576                                   {product} {ergonomic}
   size_t MinHeapSize                              = 8388608                                   {product} {ergonomic}
   size_t NonNMethodCodeHeapSize                   = 4096                                   {pd product} {ergonomic}
   size_t NonProfiledCodeHeapSize                  = 0                                      {pd product} {ergonomic}
     bool ProfileInterpreter                       = false                                  {pd product} {command line}
   size_t ProfiledCodeHeapSize                     = 0                                      {pd product} {ergonomic}
   size_t SoftMaxHeapSize                          = 2097152000                             {manageable} {ergonomic}
     intx TieredStopAtLevel                        = 1                                         {product} {command line}
     bool UseCompressedOops                        = true                           {product lp64_product} {ergonomic}
     bool UseCondCardMark                          = true                                      {product} {ergonomic}
     bool UseFastUnorderedTimeStamps               = true                                 {experimental} {ergonomic}
     bool UseG1GC                                  = true                                      {product} {ergonomic}
     bool UseLargePagesIndividualAllocation        = false                                  {pd product} {ergonomic}
      int X86ICacheSync                            = 2                                 {ARCH diagnostic} {ergonomic}

Logging:
Log output configuration:
 #0: stdout all=warning uptime,level,tags foldmultilines=false
 #1: stderr all=off uptime,level,tags foldmultilines=false

Release file:
IMPLEMENTOR="Oracle Corporation" 
JAVA_RUNTIME_VERSION="26+35-2893" 
JAVA_VERSION="26" 
JAVA_VERSION_DATE="2026-03-17" 
LIBC="default" 
MODULES="java.base java.compiler java.datatransfer java.xml java.prefs java.desktop java.instrument java.logging java.management java.security.sasl java.naming java.rmi java.management.rmi java.net.http java.scripting java.security.jgss java.transaction.xa java.sql java.sql.rowset java.xml.crypto java.se java.smartcardio jdk.accessibility jdk.internal.jvmstat jdk.attach jdk.charsets jdk.internal.opt jdk.zipfs jdk.compiler jdk.crypto.cryptoki jdk.crypto.ec jdk.crypto.mscapi jdk.dynalink jdk.internal.ed jdk.editpad jdk.internal.vm.ci jdk.graal.compiler jdk.graal.compiler.management jdk.hotspot.agent jdk.httpserver jdk.incubator.vector jdk.internal.le jdk.internal.md jdk.jartool jdk.javadoc jdk.jcmd jdk.management jdk.management.agent jdk.jconsole jdk.jdeps jdk.jdwp.agent jdk.jdi jdk.jfr jdk.jlink jdk.jpackage jdk.jshell jdk.jstatd jdk.localedata jdk.management.jfr jdk.naming.dns jdk.naming.rmi jdk.net jdk.nio.mapmode jdk.sctp jdk.security.auth jdk.security.jgss jdk.unsupported jdk.unsupported.desktop jdk.xml.dom" 
OS_ARCH="x86_64" 
OS_NAME="Windows" 
SOURCE=".:git:1327d96f3b3c open:git:4408cd2a07a1" 

Environment Variables:
JAVA_HOME=C:\Program Files\Java\jdk-26
PATH=C:\Program Files\Java\jdk-26\bin;C:\Program Files\Java\jdk-26\bin;c:\Users\Admin\AppData\Roaming\Code\User\globalStorage\github.copilot-chat\debugCommand;c:\Users\Admin\AppData\Roaming\Code\User\globalStorage\github.copilot-chat\copilotCli;C:\Python314\Scripts\;C:\Python314\;C:\Program Files\Common Files\Oracle\Java\javapath;C:\WINDOWS\system32;C:\WINDOWS;C:\WINDOWS\System32\Wbem;C:\WINDOWS\System32\WindowsPowerShell\v1.0\;C:\WINDOWS\System32\OpenSSH\;C:\Program Files\dotnet\;C:\Program Files\nodejs\;C:\ProgramData\chocolatey\bin;C:\Program Files\Git\cmd;C:\Users\Admin\AppData\Local\Microsoft\WindowsApps;C:\Users\Admin\AppData\Local\Programs\Microsoft VS Code\bin;C:\Users\Admin\AppData\Roaming\npm;c:\Users\Admin\.vscode\extensions\vscjava.vscode-java-debug-0.59.0\bundled\scripts\noConfigScripts
USERNAME=Lac modric41
LANG=en_US.UTF-8
OS=Windows_NT
PROCESSOR_IDENTIFIER=Intel64 Family 6 Model 142 Stepping 12, GenuineIntel
TMP=C:\Users\Admin\AppData\Local\Temp
TEMP=C:\Users\Admin\AppData\Local\Temp




Compilation memory statistics disabled.

Periodic native trim disabled

---------------  S Y S T E M  ---------------

OS:
 Windows 11 , 64 bit Build 26100 (10.0.26100.9444)
OS uptime: 5 days 7:10 hours
Hyper-V role detected

CPU: total 8 (initial active 8) (4 cores per cpu, 2 threads per core) family 6 model 142 stepping 12 microcode 0xde, cx8, cmov, fxsr, ht, mmx, 3dnowpref, sse, sse2, sse3, ssse3, sse4.1, sse4.2, popcnt, lzcnt, tsc, tscinvbit, avx, avx2, aes, erms, clmul, bmi1, bmi2, adx, fma, vzeroupper, clflush, clflushopt, hv, rdtscp, f16c
Processor Information for the first 8 processors :
  Max Mhz: 1896, Current Mhz: 1596, Mhz Limit: 1592

Memory: 4k page, system-wide physical 7998M (56M free)
TotalPageFile size 22047M (AvailPageFile size 138M)
current process WorkingSet (physical memory assigned to process): 196M, peak: 196M
current process commit charge ("private bytes"): 234M, peak: 234M

vm_info: Java HotSpot(TM) 64-Bit Server VM (26+35-2893) for windows-amd64 JRE (26+35-2893), built on 2026-02-12T17:04:02Z with MS VC++ 17.13 (VS2022)

END.
